sample_id,year,sample_type,species,tl,sl,weight,d13C_raw,d15N_raw,C_percent,N_percent,CN_ratio,d13C_corrected,family,trophic_guild,log_tl,TP,TDF_source,deltaC_mean,deltaN_mean,d13C,d15N
BO_MA_MO_03_16_001,2016,Fishes,Bothus mancus,23.6481,20.2424,140.1,-7.61718872132982,7.75917273177512,47.948750236874,13.7999398431248,3.474562264904532,-7.61718872132982,Bothidae,macrocarnivores,3.1632827734442657,2.894555164660402,Post,0.39,3.4,-8.356065235547376,1.317685171929753
BO_MA_MO_03_16_002,2016,Fishes,Bothus mancus,21.9503,18.0898,109.7,-8.12192637588159,7.62335832510622,48.7425918985422,14.0801070567502,3.4618054892682313,-8.12192637588159,Bothidae,macrocarnivores,3.08878080685375,2.894555164660402,Post,0.39,3.4,-8.860802890099146,1.1818707652608529
BO_MA_MO_03_16_003,2016,Fishes,Bothus mancus,17.7881,15.2389,70.5,-7.46555535031952,7.25755163853085,48.3167691204415,13.9297595281311,3.468600374820969,-7.46555535031952,Bothidae,macrocarnivores,2.8785296944001315,2.894555164660402,Post,0.39,3.4,-8.204431864537078,0.8160640786854829
BO_MA_MO_03_16_004,2016,Fishes,Bothus mancus,8.9433,7.365900000000001,7.5,-12.7716629624561,8.08334288491915,48.5580710415321,13.7184676008907,3.539613348533139,-11.958136714580597,Bothidae,macrocarnivores,2.1909046485914,2.894555164660402,Post,0.39,3.4,-12.697013228798154,1.6418553250737826
BO_MA_MO_03_16_005,2016,Fishes,Bothus mancus,8.408199999999999,6.9716,6,-11.5267847976583,7.70464869990074,49.2065068587453,13.929576510349,3.53251994575623,-10.717987944453691,Bothidae,macrocarnivores,2.1292074201613946,2.894555164660402,Post,0.39,3.4,-11.456864458671248,1.2631611400553728
BO_MA_MO_03_16_006,2016,Fishes,Bothus mancus,8.3941,7.112399999999999,5.5,-13.4100076432128,8.36885054273407,49.169603822162,13.7388596899592,3.578870803819092,-12.570337257949442,Bothidae,macrocarnivores,2.127529078111821,2.894555164660402,Post,0.39,3.4,-13.309213772166999,1.9273629828887024
BO_MA_MO_03_16_007,2016,Fishes,Bothus mancus,7.056100000000001,5.9716000000000005,3.2,-14.4788638528518,8.83577452478556,48.8368874092632,13.8379538555888,3.5291986025476745,-13.672282015408625,Bothidae,macrocarnivores,1.9538924909396647,2.894555164660402,Post,0.39,3.4,-14.411158529626181,2.3942869649401928
CA_ME_MO_03_16_001,2016,Fishes,Caranx melampygus,36.8809,30.4728,627,-15.3686349078124,12.3008559058282,49.0704024861053,12.0982027882196,4.056007602541321,-14.215223421346256,Carangidae,macrocarnivores,3.607693801861349,3.5972071707186624,Post,0.39,3.4,-15.228134217926534,3.470351525384748
CA_ME_MO_03_16_002,2016,Fishes,Caranx melampygus,8.4901,7.505800000000001,10,-16.7843524450155,11.2156072043625,46.8452327919779,13.2607733866584,3.5326169466939734,-15.975490907017981,Carangidae,macrocarnivores,2.1389007788169043,3.5972071707186624,Post,0.39,3.4,-16.98840170359826,2.3851028239190484
CA_ME_MO_03_16_005,2016,Fishes,Caranx melampygus,71.24969999999999,60.0227,4218.8,-9.45481551825883,11.1684117429748,48.9545557276723,14.1802847716338,3.452297081198316,-9.45481551825883,Carangidae,macrocarnivores,4.26619060861358,3.5972071707186624,Post,0.39,3.4,-10.467726314839108,2.3379073625313485
CA_ME_MO_03_16_007,2016,Fishes,Caranx melampygus,36.7782,29.3573,714.3,-14.0462315775217,11.6095607281403,48.9817153925538,13.2886769091128,3.685973835285607,-13.135492024889045,Carangidae,macrocarnivores,3.6049052783374824,3.5972071707186624,Post,0.39,3.4,-14.148402821469324,2.779056347696848
CA_ME_MO_03_16_008,2016,Fishes,Caranx melampygus,39.249,31.6426,162.3,-18.1265477428898,12.4294038983241,53.6611691918753,11.2261594093516,4.78001133202995,-16.51081903070986,Carangidae,macrocarnivores,3.669925966196849,3.5972071707186624,Post,0.39,3.4,-17.52372982729014,3.598899517880648
CA_PA_MO_03_16_001,2016,Fishes,Caranx papuensis,38.5642,29.6199,659.6,-14.6220142380713,12.8110721214447,47.5498934667238,13.6740422075055,3.477383844890013,-14.6220142380713,Carangidae,macrocarnivores,3.6523243849726916,4.137787539687958,Post,0.39,3.4,-15.845751378549604,2.1425944865056454
CE_AR_MO_03_16_001,2016,Fishes,Cephalopholis argus,32.925,28.768400000000003,651.3,-10.844539866065,12.6249968895015,47.0806582127065,13.8190772043843,3.4069321356544338,-10.844539866065,Epinephelidae,macrocarnivores,3.494232247629345,3.9756863039210986,Post,0.39,3.4,-12.005057524594228,2.507663456169764
CE_AR_MO_03_16_002,2016,Fishes,Cephalopholis argus,22.136000000000003,19.096800000000002,149.9,-15.089261575211,13.6505329529642,54.2633572158373,15.7198096817308,3.4519092988066467,-15.089261575211,Epinephelidae,macrocarnivores,3.097205242484625,3.9756863039210986,Post,0.39,3.4,-16.249779233740227,3.533199519632465
CE_AR_MO_03_16_003,2016,Fishes,Cephalopholis argus,19.9998,17.759999999999998,113.7,-15.3205901950114,13.7369221820351,47.369049265211,13.6456739932423,3.471360175295805,-15.3205901950114,Epinephelidae,macrocarnivores,2.995722273503991,3.9756863039210986,Post,0.39,3.4,-16.481107853540628,3.6195887487033644
CE_AR_MO_03_16_004,2016,Fishes,Cephalopholis argus,20.6128,18.1319,144.1,-15.2319743914006,14.0281107072452,49.1187463006894,14.3043957978754,3.4338218121722344,-15.2319743914006,Epinephelidae,macrocarnivores,3.0259122420551234,3.9756863039210986,Post,0.39,3.4,-16.392492049929828,3.910777273913464
CE_AR_MO_03_16_005,2016,Fishes,Cephalopholis argus,16.2996,14.4667,65.7,-14.2165964096803,12.9036967287984,48.4054491326386,14.0273012680932,3.450802703064678,-14.2165964096803,Epinephelidae,macrocarnivores,2.7911405676343084,3.9756863039210986,Post,0.39,3.4,-15.377114068209528,2.786363295466664
CE_AR_MO_03_16_016,2016,Fishes,Cephalopholis argus,24.0855,20.7036,201.8,-11.5007763114535,11.9915827574754,47.3113596309971,13.6113368658162,3.4758789748136976,-11.5007763114535,Epinephelidae,macrocarnivores,3.181609999675712,3.9756863039210986,Post,0.39,3.4,-12.661293969982728,1.8742493241436655
CE_AR_MO_03_16_016b,2016,Fishes,Cephalopholis argus,35.6794,30.9716,725.9,-13.545071141943,12.7997522869049,49.2705433331271,12.6512348053112,3.8945244548336504,-12.497019282608232,Epinephelidae,macrocarnivores,3.574573491426918,3.9756863039210986,Post,0.39,3.4,-13.65753694113746,2.6824188535731643
CE_AR_MO_03_16_017,2016,Fishes,Cephalopholis argus,21.4746,18.3579,139.7,-12.2914196625981,11.9300810338294,47.5061658945349,13.6302209852413,3.485355515950491,-12.2914196625981,Epinephelidae,macrocarnivores,3.0668708413871846,3.9756863039210986,Post,0.39,3.4,-13.451937321127328,1.812747600497664
CE_AR_MO_03_16_017b,2016,Fishes,Cephalopholis argus,31.4639,27.955,399,-12.0439407819826,12.2859486434454,46.6299849707662,13.3890326117596,3.48270008169306,-12.0439407819826,Epinephelidae,macrocarnivores,3.448840856889014,3.9756863039210986,Post,0.39,3.4,-13.204458440511829,2.168615210113664
CE_AR_MO_03_16_018,2016,Fishes,Cephalopholis argus,12.0101,10.411,19.7,-12.8295259864904,9.98781692255816,47.4821763034572,13.3947251157347,3.5448414128095984,-12.01251508822298,Epinephelidae,macrocarnivores,2.485747962451899,3.9756863039210986,Post,0.39,3.4,-13.173032746752208,-0.12951651077357518
CE_AR_TA_03_16_006,2016,Fishes,Cephalopholis argus,35.6269,31.4966,771.3,-15.2458539750987,14.080783034331,52.8575844842604,15.3968032757057,3.4330233060562185,-15.2458539750987,Epinephelidae,macrocarnivores,3.573100970499976,3.9756863039210986,Post,0.39,3.4,-16.40637163362793,3.9634496009992652
CE_AR_TA_03_16_007,2016,Fishes,Cephalopholis argus,32.1389,29.3555,577.6,-10.2630834274918,11.519715356971,51.6034993393181,14.5758994210726,3.540330366489366,-9.449079213749068,Epinephelidae,macrocarnivores,3.470067134459201,3.9756863039210986,Post,0.39,3.4,-10.609596872278296,1.4023819236392647
CE_AR_TA_03_16_008,2016,Fishes,Cephalopholis argus,30.6196,26.826299999999996,384.4,-12.8684266589416,12.1548768758833,46.0624776518226,13.1580559360588,3.500705413904752,-12.080862031191213,Epinephelidae,macrocarnivores,3.4216403267869286,3.9756863039210986,Post,0.39,3.4,-13.241379689720441,2.0375434425515646
CE_AR_TA_03_16_009,2016,Fishes,Cephalopholis argus,34.226,31.3606,607.1,-10.5605428483549,12.0328837077924,47.9929096341526,13.8309315925503,3.469969416955459,-10.5605428483549,Epinephelidae,macrocarnivores,3.53298558915526,3.9756863039210986,Post,0.39,3.4,-11.721060506884129,1.9155502744606654
CE_AR_TA_03_16_010,2016,Fishes,Cephalopholis argus,27.6486,24.2356,285.3,-13.142630676041,12.6130951170049,49.2068468446924,14.0388247559737,3.5050545683145065,-12.352161553363024,Epinephelidae,macrocarnivores,3.3195750937750623,3.9756863039210986,Post,0.39,3.4,-13.512679211892252,2.495761683673164
CE_AR_TA_03_16_011,2016,Fishes,Cephalopholis argus,25.9444,23.8549,256.7,-13.3580766894762,12.8402206088162,47.2980783209097,13.5991759074359,3.478010626735666,-13.3580766894762,Epinephelidae,macrocarnivores,3.255955786709167,3.9756863039210986,Post,0.39,3.4,-14.518594348005427,2.7228871754844644
CE_AR_TA_03_16_012,2016,Fishes,Cephalopholis argus,26.897699999999997,24.5714,319.6,-11.896743376125,12.1142124865197,51.5254189758768,14.7753589652321,3.487253277373584,-11.896743376125,Epinephelidae,macrocarnivores,3.292040781093565,3.9756863039210986,Post,0.39,3.4,-13.057261034654228,1.996879053187964
CE_AR_TA_03_16_013,2016,Fishes,Cephalopholis argus,32.4731,28.0901,578.4,-11.3613926760738,12.3601824514507,46.5653363167378,13.193586424854,3.5293918436777956,-10.554681955429244,Epinephelidae,macrocarnivores,3.4804120543015937,3.9756863039210986,Post,0.39,3.4,-11.715199613958472,2.2428490181189655
CE_AR_TA_03_16_014,2016,Fishes,Cephalopholis argus,31.014100000000003,27.0306,360,-14.9075470083237,13.4234074611528,50.7193306286282,14.6982760600539,3.450699280745596,-14.9075470083237,Epinephelidae,macrocarnivores,3.4344419397870527,3.9756863039210986,Post,0.39,3.4,-16.06806466685293,3.306074027821065
CE_AR_TA_03_16_015,2016,Fishes,Cephalopholis argus,25.751,22.6842,266.3,-13.6137828165332,12.6408659194971,47.0980369710459,13.4399105698986,3.5043415449900004,-12.823789829125547,Epinephelidae,macrocarnivores,3.248473461307144,3.9756863039210986,Post,0.39,3.4,-13.984307487654775,2.523532486165365
CE_LE_MO_03_16_001,2016,Fishes,Cephalopholis leopardus,13.6332,11.5703,38.1,-15.4480449794491,13.9570681368407,45.5594575549102,13.2543178352927,3.4373294892323742,-15.4480449794491,Epinephelidae,macrocarnivores,2.612507994381722,4.330379663736666,Post,0.39,3.4,-16.7468930483064,2.6337772801360355
CE_LE_MO_03_16_002,2016,Fishes,Cephalopholis leopardus,9.7869,8.3113,14,-16.2539286295738,12.9072326867504,46.8091651121231,13.5596886498563,3.4520825898623535,-16.2539286295738,Epinephelidae,macrocarnivores,2.281044756755843,4.330379663736666,Post,0.39,3.4,-17.5527766984311,1.5839418300457346
CE_LE_MO_03_16_003,2016,Fishes,Cephalopholis leopardus,9.2912,8.0078,14.3,-15.7714588127228,13.810348923797,46.5052343702964,13.3619074399996,3.4804338062603577,-15.7714588127228,Epinephelidae,macrocarnivores,2.229067715635648,4.330379663736666,Post,0.39,3.4,-17.070306881580102,2.4870580670923346
CH_IN_MO_03_16_001,2016,Fishes,Cheilio inermis,40.0551,36.4423,431,-11.2489670130101,10.8065704405358,43.7666992474449,12.8174539798083,3.414617233375038,-11.2489670130101,Labridae,macrocarnivores,3.6902560062311838,3.350199840588423,Post,0.39,3.4,-12.165544950839585,2.815890982535163
CH_IN_MO_03_16_002,2016,Fishes,Cheilio inermis,38.6234,34.9921,350,-10.2967518579943,9.8638003621261,48.024235177277,13.9231384148891,3.449239226546863,-10.2967518579943,Labridae,macrocarnivores,3.6538583104116937,3.350199840588423,Post,0.39,3.4,-11.213329795823785,1.8731209041254617
EP_IN_MO_03_16_001,2016,Fishes,Epibulus insidiator,21.9548,17.7795,187.7,-12.1280164155803,11.2764684606895,46.3271376859851,12.9132155853088,3.5875756413987925,-11.28255578664213,Labridae,macrocarnivores,3.0889857944299433,3.8448418783040283,Post,0.39,3.4,-12.392044119180701,1.6040060744558033
EP_IN_MO_03_16_002,2016,Fishes,Epibulus insidiator,25.9527,20.7899,230.3,-16.0651821957288,13.7250931648661,48.1435348818558,13.192066143865,3.64943098047193,-15.178648683961596,Labridae,macrocarnivores,3.2562756504422374,3.8448418783040283,Post,0.39,3.4,-16.288137016500166,4.052630778632404
EP_IN_MO_03_16_003,2016,Fishes,Epibulus insidiator,21.5213,17.4545,128.2,-14.9899637467467,13.5268239580502,45.3458674369559,13.0803462705039,3.4667176616884023,-14.9899637467467,Labridae,macrocarnivores,3.069043142390971,3.8448418783040283,Post,0.39,3.4,-16.09945207928527,3.8543615718165025
EP_IN_MO_03_16_004,2016,Fishes,Epibulus insidiator,20.4111,17.288,133.6,-15.1500801035478,13.6626383647191,43.5100170997276,12.4156017956802,3.504462998713939,-14.360006011850304,Labridae,macrocarnivores,3.0160788705188986,3.8448418783040283,Post,0.39,3.4,-15.469494344388876,3.9901759784854036
EP_IN_MO_03_16_005,2016,Fishes,Epibulus insidiator,18.9088,16.355,114.4,-11.3507628424995,10.411023372938,47.0635010852356,13.0000702205719,3.620249759171315,-10.483590442131,Labridae,macrocarnivores,2.9396274221692185,3.8448418783040283,Post,0.39,3.4,-11.593078774669571,0.7385609867043037
EP_IN_MO_03_16_006,2016,Fishes,Epibulus insidiator,15.6597,13.2795,56.3,-14.5827804287889,13.1501124651,47.8077019194168,13.7477653714428,3.4774889320357585,-14.5827804287889,Labridae,macrocarnivores,2.751090533291035,3.8448418783040283,Post,0.39,3.4,-15.69226876132747,3.4776500788663025
EP_ME_MO_03_16_001,2016,Fishes,Epinephelus merra,24.2292,20.6258,172.6,-12.3374284036062,12.2084348521183,44.7323362714143,12.8657319226106,3.4768590345645576,-12.3374284036062,Epinephelidae,macrocarnivores,3.187558517362192,3.4167604313115785,Post,0.39,3.4,-13.279964971817716,3.9914493856589335
EP_ME_MO_03_16_002,2016,Fishes,Epinephelus merra,21.3249,18.0914,134,-11.4245031244538,11.0142903449529,50.6067557106348,14.4487963853689,3.502489367341357,-10.635747043611037,Epinephelidae,macrocarnivores,3.059875404034978,3.4167604313115785,Post,0.39,3.4,-11.578283611822553,2.7973048784935344
EP_ME_MO_03_16_003,2016,Fishes,Epinephelus merra,20.3415,17.7563,177.7,-12.1111012783813,11.7174867366308,46.6428160994257,13.6209114037878,3.424353533821161,-12.1111012783813,Epinephelidae,macrocarnivores,3.0126631342139727,3.4167604313115785,Post,0.39,3.4,-13.053637846592816,3.5005012701714335
EP_ME_MO_03_16_004,2016,Fishes,Epinephelus merra,18.1678,15.4329,85.4,-10.6824113003991,10.8803954043654,46.4735359820269,13.3756435267411,3.474489723736673,-10.6824113003991,Epinephelidae,macrocarnivores,2.8996507963763065,3.4167604313115785,Post,0.39,3.4,-11.624947868610615,2.6634099379060334
EP_ME_MO_03_16_005,2016,Fishes,Epinephelus merra,17.0706,14.4396,77,-11.4952303510866,10.8684936318687,46.7941256814721,13.4434212183375,3.4808197200309823,-11.4952303510866,Epinephelidae,macrocarnivores,2.83735768557351,3.4167604313115785,Post,0.39,3.4,-12.437766919298115,2.651508165409334
EP_ME_MO_03_16_006,2016,Fishes,Epinephelus merra,17.0017,14.4697,69,-10.8684783120022,10.4737515107293,46.6587217290766,13.3600121555782,3.4924161135284004,-10.8684783120022,Epinephelidae,macrocarnivores,2.8333133390565495,3.4167604313115785,Post,0.39,3.4,-11.811014880213715,2.256766044269934
EP_ME_MO_03_16_007,2016,Fishes,Epinephelus merra,15.3821,13.074700000000002,56,-10.6258295190928,10.1206655933283,43.7233848734439,12.618904367687101,3.4649113424938243,-10.6258295190928,Epinephelidae,macrocarnivores,2.7332044957189177,3.4167604313115785,Post,0.39,3.4,-11.568366087304316,1.9036801268689327
EP_ME_MO_03_16_008,2016,Fishes,Epinephelus merra,15.539599999999998,13.1122,52.8,-12.024052384064,10.546153960084,43.5409965008215,12.4042244811567,3.5101748252754357,-11.230164604395398,Epinephelidae,macrocarnivores,2.743391604582481,3.4167604313115785,Post,0.39,3.4,-12.172701172606914,2.3291684936246337
EP_ME_MO_03_16_009,2016,Fishes,Epinephelus merra,14.8634,12.4874,40.4,-11.4462653480331,10.1226492220777,47.2728945923318,13.4997654130316,3.501756745098571,-10.657998552532925,Epinephelidae,macrocarnivores,2.6989018152718245,3.4167604313115785,Post,0.39,3.4,-11.600535120744441,1.905663755618333
EP_ME_MO_03_16_010,2016,Fishes,Epinephelus merra,13.4966,11.4851,38.4,-11.9739992698316,10.2436505757938,50.1425066851048,14.4958546206264,3.4590928232514258,-11.9739992698316,Epinephelidae,macrocarnivores,2.6024378018725285,3.4167604313115785,Post,0.39,3.4,-12.916535838043115,2.0266651093344343
EP_ME_MO_03_16_011,2016,Fishes,Epinephelus merra,12.6516,11.0402,31.3,-10.7749007506112,9.71898077156583,48.9405078808863,14.0574662770898,3.4814600950277397,-10.7749007506112,Epinephelidae,macrocarnivores,2.537783689388767,3.4167604313115785,Post,0.39,3.4,-11.717437318822716,1.5019953051064636
EP_ME_MO_03_16_012,2016,Fishes,Epinephelus merra,12.5265,10.7,26.9,-10.3244227225193,9.08322775736897,45.8086924830611,13.1092239152996,3.4943863022736523,-10.3244227225193,Epinephelidae,macrocarnivores,2.5278464002792567,3.4167604313115785,Post,0.39,3.4,-11.266959290730815,0.8662422909096037
EP_ME_MO_03_16_013,2016,Fishes,Epinephelus merra,13.7693,12.1476,35.8,-10.8706545343602,9.80030955029304,46.7465901419021,13.4110508540395,3.485676898154607,-10.8706545343602,Epinephelidae,macrocarnivores,2.622441476299539,3.4167604313115785,Post,0.39,3.4,-11.813191102571716,1.5833240838336735
EP_ME_MO_03_16_016,2016,Fishes,Epinephelus merra,11.9466,10.2453,25.4,-10.3048367212979,9.54144599849058,46.5310772098155,13.3145111657002,3.4947642185831964,-10.3048367212979,Epinephelidae,macrocarnivores,2.480446719065907,3.4167604313115785,Post,0.39,3.4,-11.247373289509415,1.324460532031214
EP_ME_MO_03_16_017,2016,Fishes,Epinephelus merra,12.0797,10.0606,23.6,-11.2819605600093,9.54442144161474,46.8710811429653,13.2518657491425,3.536942045009642,-10.470215158952167,Epinephelidae,macrocarnivores,2.4915263577612032,3.4167604313115785,Post,0.39,3.4,-11.412751727163682,1.3274359751553728
EP_ME_MO_03_16_018,2016,Fishes,Epinephelus merra,10.8138,9.1452,17.6,-11.1176557719854,9.38672295603393,45.7095060256892,12.9426217153401,3.5317037792669557,-10.309403189349451,Epinephelidae,macrocarnivores,2.3808230962446775,3.4167604313115785,Post,0.39,3.4,-11.251939757560967,1.1697374895745636
EP_ME_MO_03_16_019,2016,Fishes,Epinephelus merra,12.5685,10.6034,24.7,-9.93705514280742,9.17546649421813,46.6933919673925,13.3865118020785,3.4880925410413863,-9.93705514280742,Epinephelidae,macrocarnivores,2.5311936837393136,3.4167604313115785,Post,0.39,3.4,-10.879591711018936,0.9584810277587632
FI_CO_MO_03_16_001,2016,Fishes,Fistularia commersonii,25.1398,19.7478,2.8,-17.0290614562068,9.55053501535695,50.0200469560202,13.9048534523412,3.597308459773676,-16.17712975059119,Fistulariidae,macrocarnivores,3.224452247680974,3.292625232794427,Post,0.39,3.4,-17.07125359138102,1.755609223855898
FI_CO_MO_03_16_002,2016,Fishes,Fistularia commersonii,23.2111,17.503800000000002,1.7,-17.45427111897,9.21843409394028,50.139355386008,13.1618322169943,3.8094510368601298,-16.462062351746624,Fistulariidae,macrocarnivores,3.1446306125282444,3.292625232794427,Post,0.39,3.4,-17.356186192536452,1.4235083024392283
FI_CO_MO_03_16_003,2016,Fishes,Fistularia commersonii,27.669600000000003,20.9196,3.6,-15.1628045822339,10.0174589974084,51.0415721847038,14.2421882299677,3.583829349854026,-14.319835588265729,Fistulariidae,macrocarnivores,3.3203343376047165,3.292625232794427,Post,0.39,3.4,-15.213959429055555,2.2225332059073493
GY_FI_MO_03_16_001,2016,Fishes,Gymnothorax fimbriatus,40.9554,40.4402,89,-12.9370811853765,10.3624474172681,46.9695136482074,13.2952021216731,3.532816817552575,-12.128086365059804,Muraenidae,macrocarnivores,3.7124836697371086,3.119042038064902,Post,0.39,3.4,-12.954512759905116,3.1577044878474334
GY_FI_MO_03_16_002,2016,Fishes,Gymnothorax fimbriatus,39.258300000000006,39.0035,81.4,-12.3316080745591,9.83604267317187,46.7300381101606,13.1227812023823,3.5609858451101255,-11.503842160308178,Muraenidae,macrocarnivores,3.6701628868410054,3.119042038064902,Post,0.39,3.4,-12.33026855515349,2.6312997437512022
GY_FI_MO_03_16_003,2016,Fishes,Gymnothorax fimbriatus,34.6359,34.3258,50.5,-11.5957090572084,9.11632545243008,47.7432305593516,13.1660463551065,3.626238984099749,-10.72456065573061,Muraenidae,macrocarnivores,3.5448907164119676,3.119042038064902,Post,0.39,3.4,-11.550987050575921,1.9115825230094137
GY_FI_MO_03_16_004,2016,Fishes,Gymnothorax fimbriatus,33.775099999999995,33.4819,45,-11.7971799697396,9.5723446281067,52.1682739110724,14.8279573580363,3.5182373843824677,-10.997910797527705,Muraenidae,macrocarnivores,3.5197238446116796,3.119042038064902,Post,0.39,3.4,-11.824337192373017,2.367601698686033
GY_FI_MO_03_16_005,2016,Fishes,Gymnothorax fimbriatus,32.7762,32.4464,38.7,-12.6195918653359,8.93264445611238,45.3467116464502,12.1050656214835,3.746093830831532,-11.66912367037186,Muraenidae,macrocarnivores,3.4897026422518254,3.119042038064902,Post,0.39,3.4,-12.495550065217172,1.7279015266917126
GY_FI_MO_03_16_007,2016,Fishes,Gymnothorax fimbriatus,15.351499999999998,15.2468,3.8,-10.5356290932357,7.73917430246223,48.1388357765347,13.1724560860961,3.654507212770031,-9.645730462518255,Muraenidae,macrocarnivores,2.7312131891286375,3.119042038064902,Post,0.39,3.4,-10.472156857363567,0.5344313730415626
LU_FU_MO_03_16_007,2016,Fishes,Lutjanus fulvus,28.4014,23.494300000000003,326.7,-14.1216076955551,12.794783199444,48.8064496625573,12.4766779917576,3.911814482573009,-13.06223501244762,Lutjanidae,macrocarnivores,3.3464384397268114,3.64625079562158,Post,0.39,3.4,-14.094272822740034,3.797530494330628
LU_FU_MO_03_16_009,2016,Fishes,Lutjanus fulvus,22.7596,18.5855,173.6,-12.1015944373438,11.3239333110106,46.9635204977833,13.030707732488,3.6040652174781287,-11.245172187167622,Lutjanidae,macrocarnivores,3.1249870344112507,3.64625079562158,Post,0.39,3.4,-12.277209997460037,2.326680605897229
LU_FU_MO_03_16_010,2016,Fishes,Lutjanus fulvus,22.0079,17.6261,136,-15.7209628016865,12.3714169477733,46.3247963045975,12.4562125451285,3.7190113878327056,-14.788376702031316,Lutjanidae,macrocarnivores,3.0914014798096967,3.64625079562158,Post,0.39,3.4,-15.820414512323733,3.374164242659928
LU_FU_MO_03_16_011,2016,Fishes,Lutjanus fulvus,23.2242,19.0199,172.7,-11.7208330976225,11.4420232483808,47.3644315088002,12.6356571518174,3.7484739368690234,-10.768794499246138,Lutjanidae,macrocarnivores,3.1451948384661637,3.64625079562158,Post,0.39,3.4,-11.800832309538553,2.4447705432674276
LU_FU_MO_03_16_012,2016,Fishes,Lutjanus fulvus,20.983600000000003,17.3273,131.9,-13.0229714165082,11.0722511776691,48.1076033842136,13.8547904607851,3.472272173323617,-13.0229714165082,Lutjanidae,macrocarnivores,3.043741180240303,3.64625079562158,Post,0.39,3.4,-14.055009226800617,2.0749984725557287
MO_GR_MO_03_16_003,2016,Fishes,Monotaxis grandoculis,28.5051,22.6686,280.9,-5.51128749876721,8.17058133591815,45.858065562567,13.2950518904136,3.449258110502974,-5.51128749876721,Lethrinidae,macrocarnivores,3.3500830186338555,3.310359025020319,Post,0.39,3.4,-6.412327518525134,0.3153606508490654
MO_GR_MO_03_16_004,2016,Fishes,Monotaxis grandoculis,19.9873,15.3482,115.4,-8.54077379930164,8.88137644235322,48.2982482228288,14.0506198254558,3.437446092970636,-8.54077379930164,Lethrinidae,macrocarnivores,2.995097071856101,3.310359025020319,Post,0.39,3.4,-9.441813819059565,1.026155757284135
SA_MI_MO_03_16_001,2016,Fishes,Sargocentron microstoma,18.2467,15.6484,114,-14.4161404741649,11.8358445217913,50.1953183017286,12.2349053716233,4.102632327516628,-13.23246346134769,Holocentridae,macrocarnivores,2.9039842417604382,3.768002419097823,Post,0.39,3.4,-14.31198440479584,2.4246362968587007
SA_MI_MO_03_16_002,2016,Fishes,Sargocentron microstoma,17.4672,14.9089,86,-13.6414804791754,12.3189306413975,51.8338966124759,13.8943700309386,3.7305683163077807,-12.701260605407949,Holocentridae,macrocarnivores,2.860324836543868,3.768002419097823,Post,0.39,3.4,-13.7807815488561,2.9077224164649014
SA_MI_MO_03_16_003,2016,Fishes,Sargocentron microstoma,17.886400000000002,14.813399999999998,81,-12.0442104207308,11.8130293662452,46.7885529767143,13.237355240773,3.5345846753888326,-11.234036775746098,Holocentridae,macrocarnivores,2.8840406475339244,3.768002419097823,Post,0.39,3.4,-12.313557719194248,2.4018211413126007
SA_MI_MO_03_16_004,2016,Fishes,Sargocentron microstoma,18.4991,15.3548,109,-11.5860208776146,10.850824980171,48.5428879274551,12.8237251328118,3.785396787962135,-10.609644025303867,Holocentridae,macrocarnivores,2.9177220822522467,3.768002419097823,Post,0.39,3.4,-11.689164968752017,1.4396167552384007
SA_MI_MO_03_16_005,2016,Fishes,Sargocentron microstoma,16.8888,14.144900000000002,104,-11.5711030785364,11.4142601258309,46.428640451685,13.4060602779798,3.46325762296822,-11.5711030785364,Holocentridae,macrocarnivores,2.826650680338312,3.768002419097823,Post,0.39,3.4,-12.65062402198455,2.003051900898301
SA_MI_MO_03_16_006,2016,Fishes,Sargocentron microstoma,18.0119,14.72,97,-11.3824994759049,11.22479513847,51.1308336135134,14.4674266315462,3.5342037610215145,-10.572579819563598,Holocentridae,macrocarnivores,2.8910326505695942,3.768002419097823,Post,0.39,3.4,-11.652100763011749,1.8135869135374012
SA_MI_MO_03_16_007,2016,Fishes,Sargocentron microstoma,17.0095,14.288999999999998,82,-12.0644560051941,12.1235138743289,45.1324352900349,13.1600619519643,3.4295002147234066,-12.0644560051941,Holocentridae,macrocarnivores,2.8337720115019054,3.768002419097823,Post,0.39,3.4,-13.14397694864225,2.712305649396301
SA_MI_MO_03_16_008,2016,Fishes,Sargocentron microstoma,20.3989,16.8673,150,-12.9648517352712,11.6791143228225,48.3590526717674,11.7532732297972,4.11451786462058,-11.77347049126074,Holocentridae,macrocarnivores,3.0154809778277234,3.768002419097823,Post,0.39,3.4,-12.85299143470889,2.2679060978899006
SA_MI_MO_03_16_009,2016,Fishes,Sargocentron microstoma,19.6422,16.288999999999998,101,-12.8508371280307,12.1116103149135,47.1796194067614,13.2052550703815,3.572791222532468,-12.01521221133754,Holocentridae,macrocarnivores,2.977680312946242,3.768002419097823,Post,0.39,3.4,-13.09473315478569,2.7004020899809014
SA_MI_MO_03_16_010,2016,Fishes,Sargocentron microstoma,17.3338,14.3641,107,-12.6238734706266,12.0620121506829,50.8193618377179,14.1848788571749,3.582643345030246,-11.781693377350102,Holocentridae,macrocarnivores,2.852658352627821,3.768002419097823,Post,0.39,3.4,-12.861214320798252,2.650803925750301
SA_MI_MO_03_16_011,2016,Fishes,Sargocentron microstoma,19.5381,16.3619,73,-11.6361020602343,11.9092498048526,44.1732706184831,12.699780612825,3.4782703705821723,-11.6361020602343,Holocentridae,macrocarnivores,2.972366405448792,3.768002419097823,Post,0.39,3.4,-12.71562300368245,2.4980415799200006
SA_MI_MO_03_16_012,2016,Fishes,Sargocentron microstoma,17.3583,14.4511,76,-12.4001064844536,12.1036746086366,44.3128446870917,12.7561849749828,3.4738320880417812,-12.4001064844536,Holocentridae,macrocarnivores,2.854070778169833,3.768002419097823,Post,0.39,3.4,-13.47962742790175,2.6924663837040015
SA_MI_MO_03_16_013,2016,Fishes,Sargocentron microstoma,17.4641,14.2165,93,-11.243977055893,11.4281476118155,46.3865038165671,13.2162421035724,3.509810387328532,-10.45033257287268,Holocentridae,macrocarnivores,2.860147345296297,3.768002419097823,Post,0.39,3.4,-11.52985351632083,2.0169393868829015
SA_MI_MO_03_16_014,2016,Fishes,Sargocentron microstoma,16.3766,13.759899999999998,45.7,-13.3071514404995,12.4571615872783,48.0895963207477,14.0462965572823,3.4236495096506885,-13.3071514404995,Holocentridae,macrocarnivores,2.795853486671676,3.768002419097823,Post,0.39,3.4,-14.38667238394765,3.045953362345701
SA_MI_MO_03_16_015,2016,Fishes,Sargocentron microstoma,16.3549,13.8763,45.7,-13.1046201547445,12.6861625211507,48.0401409700008,13.972525950834,3.4381858469286546,-13.1046201547445,Holocentridae,macrocarnivores,2.7945275466335318,3.768002419097823,Post,0.39,3.4,-14.18414109819265,3.2749542962181017
SA_MI_MO_03_16_017,2016,Fishes,Sargocentron microstoma,13.2237,11.3086,33.6,-14.0822842671326,12.7882711626609,48.1422816723925,13.8930580007673,3.4652041091121655,-14.0822842671326,Holocentridae,macrocarnivores,2.582010674235983,3.768002419097823,Post,0.39,3.4,-15.16180521058075,3.377062937728301
SY_JA_MO_03_16_001,2016,Fishes,Synodus jaculum,15.5025,13.4894,28,-11.0072426457652,8.68037878179931,45.6586838184057,13.0884105541106,3.488481938249251,-11.0072426457652,Synodontidae,macrocarnivores,2.741001301241896,2.9106318106748206,Post,0.39,3.4,-11.752389051928379,2.184230625504921
SY_JA_MO_03_16_002,2016,Fishes,Synodus jaculum,13.9869,12.1432,19.4,-10.3121958005773,8.94970332218136,45.5183800888515,13.0946808496555,3.4760969443595884,-10.3121958005773,Synodontidae,macrocarnivores,2.6381211772756488,2.9106318106748206,Post,0.39,3.4,-11.05734220674048,2.4535551658869705
SY_JA_MO_03_16_003,2016,Fishes,Synodus jaculum,13.5751,11.9304,17,-9.44312032902126,8.41701714637036,44.9496974092271,12.9177424867177,3.4796867529636346,-9.44312032902126,Synodontidae,macrocarnivores,2.6082372322753713,2.9106318106748206,Post,0.39,3.4,-10.18826673518444,1.920868990075971
SY_JA_MO_03_16_004,2016,Fishes,Synodus jaculum,11.6435,10.0081,10.8,-10.0815811791324,8.49950399822169,47.0750930537495,13.4203442504782,3.5077410962890982,-9.289318226145731,Synodontidae,macrocarnivores,2.454748084391153,2.9106318106748206,Post,0.39,3.4,-10.03446463230891,2.0033558419272994
SY_JA_MO_03_16_005,2016,Fishes,Synodus jaculum,11.6876,10.122,12,-9.29258022891143,8.26396925257392,46.514168195214,13.2191950221795,3.5186838621543406,-8.493013115921888,Synodontidae,macrocarnivores,2.4585284507279344,2.9106318106748206,Post,0.39,3.4,-9.238159522085068,1.7678210962795307
SY_JA_MO_03_16_006,2016,Fishes,Synodus jaculum,11.1236,9.6793,9.8,-8.50251161840594,8.34844373940962,47.5780449743843,13.4339075405702,3.5416385612822863,-7.6876354026908205,Synodontidae,macrocarnivores,2.409068977436818,2.9106318106748206,Post,0.39,3.4,-8.432781808854001,1.8522955831152297
SY_JA_MO_03_16_007,2016,Fishes,Synodus jaculum,10.7908,9.3723,7.3,-9.08118349258699,8.2520434426677,48.3953334538309,14.0462526025458,3.4454266787897243,-9.08118349258699,Synodontidae,macrocarnivores,2.3786939192463525,2.9106318106748206,Post,0.39,3.4,-9.826329898750169,1.7558952863733106
SY_JA_MO_03_16_008,2016,Fishes,Synodus jaculum,9.6442,8.482,7.7,-7.4401896353614,7.97576217984036,46.0742200423551,13.2718553521872,3.4715734024905625,-7.4401896353614,Synodontidae,macrocarnivores,2.2663566983867596,2.9106318106748206,Post,0.39,3.4,-8.18533604152458,1.4796140235459703
SY_JA_MO_03_16_009,2016,Fishes,Synodus jaculum,9.806,8.6869,7.3,-6.55830224039177,7.7779924988956,46.5153049462729,13.4950307078166,3.4468469137554667,-6.55830224039177,Synodontidae,macrocarnivores,2.2829944432290414,2.9106318106748206,Post,0.39,3.4,-7.3034486465549495,1.28184434260121
SY_JA_MO_03_16_010,2016,Fishes,Synodus jaculum,9.4258,8.295,6.2,-8.6135482879905,8.17651331326167,45.2583601950041,13.0580338262981,3.4659398801568786,-8.6135482879905,Synodontidae,macrocarnivores,2.243450610368522,2.9106318106748206,Post,0.39,3.4,-9.35869469415368,1.680365156967281
SY_JA_MO_03_16_011,2016,Fishes,Synodus jaculum,9.1578,8.0039,4.8,-9.19542314302494,8.44881930612027,46.9334193456509,13.5170482680813,3.4721648110466456,-9.19542314302494,Synodontidae,macrocarnivores,2.2146059751669944,2.9106318106748206,Post,0.39,3.4,-9.940569549188119,1.952671149825881
SY_JA_MO_03_16_012,2016,Fishes,Synodus jaculum,8.4311,7.3516,3.7,-11.5773732376705,9.06597996876697,45.5692610682095,12.8157077053403,3.555735049202223,-10.753104327845278,Synodontidae,macrocarnivores,2.1319272498594044,2.9106318106748206,Post,0.39,3.4,-11.498250734008458,2.5698318124725796
SY_JA_MO_03_16_013,2016,Fishes,Synodus jaculum,8.159,7.1074,2.9,-10.2972485565948,8.16856277332419,48.8602848443379,13.8467410631783,3.5286486994595965,-9.491033486703996,Synodontidae,macrocarnivores,2.0991216124466634,2.9106318106748206,Post,0.39,3.4,-10.236179892867176,1.6724146170298004
SY_JA_MO_03_16_014,2016,Fishes,Synodus jaculum,6.700100000000001,5.8824,1.3,-11.0659639614109,8.21825364793342,46.0044130532045,12.588311621792,3.654534018173247,-10.176047563186446,Synodontidae,macrocarnivores,1.9021224516586726,2.9106318106748206,Post,0.39,3.4,-10.921193969349625,1.72210549163903
MOO18_F009,2018,Fishes,Synodus binotatus,22.2,18.7,89.5,-12.2644055513903,9.55234215871384,40.7433750005905,12.7352497045434,3.199260002421074,-12.2644055513903,Synodontidae,macrocarnivores,3.100092288878234,3.1343304255865405,Post,0.39,3.4,-13.09679441736905,2.2956187117196025
MOO18_F010,2018,Fishes,Gnathodentex aureolineatus,22.2,17.8,121.3,-8.54262830961679,9.13266735393298,42.7775534569189,13.4349314295086,3.184054468857348,-8.54262830961679,Lethrinidae,macrocarnivores,3.100092288878234,3.3759295369524,Post,0.39,3.4,-9.469240829028227,1.0545069282948205
MOO18_F011,2018,Fishes,Gnathodentex aureolineatus,22.1,18.1,148.4,-9.31026953286699,9.35231024241642,43.9083656797376,13.309984415161,3.298904364585349,-9.31026953286699,Lethrinidae,macrocarnivores,3.095577608523707,3.3759295369524,Post,0.39,3.4,-10.236882052278425,1.2741498167782606
MOO18_F024,2018,Fishes,Cephalopholis urodeta,17.3,14.6,74.4,-16.120372004426,12.3263141744266,41.1606990102632,13.0722351011327,3.148711654267651,-16.120372004426,Epinephelidae,macrocarnivores,2.8507065015037334,3.7967461572738803,Post,0.39,3.4,-17.211103005762812,2.817377239695407
MOO18_F040,2018,Fishes,Epinephelus merra,19.3,16,89.8,-15.4652129141456,11.1084728016747,41.5869022893799,13.2833226832447,3.1307605243857197,-15.4652129141456,Epinephelidae,macrocarnivores,2.9601050959108397,3.4167604313115785,Post,0.39,3.4,-16.407749482357115,2.8914873352153343
MOO18_F053,2018,Fishes,Neoniphon sammara,20,16.4,132.2,-14.4982612447559,11.146714197437401,43.3169601695222,13.4908677978195,3.2108357163297843,-14.4982612447559,Holocentridae,macrocarnivores,2.995732273553991,3.266454900406031,Post,0.39,3.4,-15.382178655914252,3.440767536056896
MOO18_F056,2018,Fishes,Sargocentron microstoma,18.6,15.7,100.9,-13.052767167556,10.4750384000662,44.2763684430974,13.5442835104496,3.2690078001496032,-13.052767167556,Holocentridae,macrocarnivores,2.9231615807191558,3.768002419097823,Post,0.39,3.4,-14.13228811100415,1.0638301751336012
MOO18_F058,2018,Fishes,Sargocentron microstoma,17.5,15,76.8,-12.4281953239604,11.1222004822049,46.4084209593207,13.5339397650949,3.4290400108778143,-12.4281953239604,Holocentridae,macrocarnivores,2.8622008809294686,3.768002419097823,Post,0.39,3.4,-13.50771626740855,1.7109922572723004
MOO18_F070,2018,Fishes,Cephalopholis argus,21,18.3,154.2,-13.1751161542951,11.2800688083024,46.5366361658244,13.7301157566237,3.3893841094073904,-13.1751161542951,Epinephelidae,macrocarnivores,3.044522437723423,3.9756863039210986,Post,0.39,3.4,-14.335633812824328,1.162735374970664
MOO18_F076,2018,Fishes,Epinephelus hexagonatus,18.2,15.9,96,-15.941781951202,11.4859840162556,43.4793745325654,13.7051807549496,3.172477277752277,-15.941781951202,Epinephelidae,macrocarnivores,2.9014215940827497,3.560099412233927,Post,0.39,3.4,-16.94022072197323,2.7816460146602484
MOO18_F080,2018,Fishes,Paracirrhites hemistictus,16.2,14.1,93.7,-14.654208989866,11.5443161897434,38.2938947499834,13.1481826367148,2.912485763853939,-14.654208989866,Cirrhitidae,macrocarnivores,2.785011242238338,3.6006670951524735,Post,0.39,3.4,-15.668469156975464,2.7020480662249895
MOO18_F083,2018,Fishes,Paracirrhites hemistictus,21,18,174.6,-13.981374247089,11.4163601781945,39.9223847693713,13.8089781597486,2.891045543524714,-13.981374247089,Cirrhitidae,macrocarnivores,3.044522437723423,3.6006670951524735,Post,0.39,3.4,-14.995634414198465,2.5740920546760897
MOO18_F087,2018,Fishes,Paracirrhites hemistictus,20.2,17,142.3,-16.0414971193033,11.5333199700009,46.2259519889297,11.1822917126509,4.133853165056743,-14.83759224952084,Cirrhitidae,macrocarnivores,3.005682604407159,3.6006670951524735,Post,0.39,3.4,-15.851852416630305,2.6910518464824893
MOO18_F090,2018,Fishes,Lutjanus fulvus,23.9,18.2,207.9,-13.9229099616341,10.783577714832,39.5519627154879,13.8322590488671,2.8594000861144457,-13.9229099616341,Lutjanidae,macrocarnivores,3.173878458937465,3.64625079562158,Post,0.39,3.4,-14.954947771926516,1.7863250097186274
MOO18_F091,2018,Fishes,Sargocentron tiere,22.1,18.3,163.2,-16.0841066832788,11.1734436875198,41.1403038053044,13.2289345353604,3.1098728091319865,-16.0841066832788,Holocentridae,macrocarnivores,3.095577608523707,3.619254551759049,Post,0.39,3.4,-17.10561595846483,2.2679782115390346
MOO18_F104,2018,Fishes,Aulostomus chinensis,42.5,40.3,122.3,-14.6680818711604,9.96985745388862,37.9753492641067,13.5103040696787,2.810843417605613,-14.6680818711604,Aulostomidae,macrocarnivores,3.7495040759303713,3.2865695495188625,Post,0.39,3.4,-15.559843995472756,2.195520985524488
MOO18_F105,2018,Fishes,Cheilodipterus macrodon,21.6,15.9,120.7,-15.1001230314709,12.1121209909913,41.3818289289515,14.7870391158903,2.798520285543992,-15.1001230314709,Apogonidae,macrocarnivores,3.0726933146901194,3.822800271992673,Post,0.39,3.4,-16.201015137548044,2.5146000662162127
MOO18_F118,2018,Fishes,Neoniphon sammara,14.1,10.3,35.2,-12.6376866017197,10.0038457694563,38.2966763154778,13.5887206436812,2.818269454474795,-12.6376866017197,Holocentridae,macrocarnivores,2.6461747973841225,3.266454900406031,Post,0.39,3.4,-13.521604012878052,2.2978991080757947
MOO18_F124,2018,Fishes,Paracirrhites hemistictus,18.4,14.7,102.9,-13.3739402304139,11.0114993604033,37.5157204646547,13.4119619345905,2.79718363708584,-13.3739402304139,Cirrhitidae,macrocarnivores,2.91235066461494,3.6006670951524735,Post,0.39,3.4,-14.388200397523365,2.1692312368848903
MOO18_F130,2018,Fishes,Cephalopholis urodeta,19.1,16,92.4,-15.7812686157854,12.1964500986542,37.8215510009138,13.3831922871631,2.8260485382991547,-15.7812686157854,Epinephelidae,macrocarnivores,2.9496883350525844,3.7967461572738803,Post,0.39,3.4,-16.871999617122214,2.6875131639230077
MOO18_F146,2018,Fishes,Paracirrhites hemistictus,19.6,16.1,135.2,-13.3040892187388,11.5998792076064,39.6121401462656,13.4178059275511,2.952206967379745,-13.3040892187388,Cirrhitidae,macrocarnivores,2.975529566236472,3.6006670951524735,Post,0.39,3.4,-14.318349385848265,2.757611084087989
MOO18_F150,2018,Fishes,Sargocentron tiere,27.5,19.2,328.2,-17.6292891199556,12.247525183510101,42.7851912919971,10.3543402853438,4.132102105293759,-16.426517938127816,Holocentridae,macrocarnivores,3.3141860046725258,3.619254551759049,Post,0.39,3.4,-17.448027213313846,3.3420597075293355
MOO18_F157,2018,Fishes,Epinephelus hexagonatus,22.3,17.9,182.4,-15.3713747618415,11.7105467963566,38.023925118026,13.4296145113296,2.831348962842377,-15.3713747618415,Epinephelidae,macrocarnivores,3.104586678466073,3.560099412233927,Post,0.39,3.4,-16.36981353261273,3.006208794761248
MOO18_F159,2018,Fishes,Epinephelus hexagonatus,15.2,13,45.9,-14.8212180262905,10.3748371164837,37.717152673606,13.3317341211583,2.82912577844967,-14.8212180262905,Epinephelidae,macrocarnivores,2.7212954278522306,3.560099412233927,Post,0.39,3.4,-15.819656797061732,1.670499114888349
MOO18_F166,2018,Fishes,Neoniphon argenteus,18,13.9,68.3,-10.33304530395,9.73104044801475,37.5698125869199,13.3681858912897,2.810389748649384,-10.33304530395,Holocentridae,macrocarnivores,2.8903717578961645,3.307970676793169,Post,0.39,3.4,-11.233153867899336,1.8839401469179755
MOO18_F173,2018,Fishes,Lutjanus fulvus,17.3,13.1,75.8,-18.99628538926,11.3977905672798,37.6753572108844,13.4255094304511,2.8062515918711397,-18.99628538926,Lutjanidae,macrocarnivores,2.8507065015037334,3.64625079562158,Post,0.39,3.4,-20.028323199552414,2.400537862166429
MOO18_F175,2018,Fishes,Lutjanus fulvus,18.1,13.9,80.5,-19.155307354114,11.5767833629976,37.3491477425467,13.2948817543376,2.8092876967755753,-19.155307354114,Lutjanidae,macrocarnivores,2.89591193827178,3.64625079562158,Post,0.39,3.4,-20.187345164406416,2.579530657884229
MOO18_F179,2018,Fishes,Pterois radiata,13.1,9.9,30.5,-12.6433085076371,11.1350753348552,37.9162923092916,13.4822213198209,2.8123178970181217,-12.6433085076371,Scorpaenidae,macrocarnivores,2.5726122302071057,3.2902951894629,Post,0.39,3.4,-13.536523631527631,3.3480716906813406
MOO18_F182,2018,Fishes,Monotaxis grandoculis,16.2,11.4,63.2,-11.1518549225979,9.73285730657145,37.9959088744344,13.5782599209749,2.798289994120715,-11.1518549225979,Lethrinidae,macrocarnivores,2.785011242238338,3.310359025020319,Post,0.39,3.4,-12.052894942355826,1.877636621502365
MOO18_F184,2018,Fishes,Neoniphon sammara,17,13.5,50.2,-13.8650009135834,10.7414377643477,38.5576599697379,13.6763018769644,2.819304539824634,-13.8650009135834,Holocentridae,macrocarnivores,2.833213344056216,3.266454900406031,Post,0.39,3.4,-14.748918324741751,3.0354911029671943
MOO18_F188,2018,Fishes,Aulostomus chinensis,49.9,44.7,197.1,-14.5408173221173,9.86958039416784,37.0508104265384,13.0855867831851,2.8314213982477625,-14.5408173221173,Aulostomidae,macrocarnivores,3.910021002757473,3.2865695495188625,Post,0.39,3.4,-15.432579446429656,2.0952439258037083
MOO18_F196,2018,Fishes,Epibulus insidiator,26.4,18.2,243.1,-14.7038432101409,10.5254549158259,39.5576728959979,12.8499859761851,3.0784214838296475,-14.7038432101409,Labridae,macrocarnivores,3.2733640101522705,3.8448418783040283,Post,0.39,3.4,-15.813331542679471,0.8529925295922034
MOO18_F197,2018,Fishes,Monotaxis grandoculis,20.1,15.4,116.1,-8.93272677410787,8.08128203828749,38.8324744571096,13.822778977372,2.809310234988107,-8.93272677410787,Lethrinidae,macrocarnivores,3.0007198150650303,3.310359025020319,Post,0.39,3.4,-9.833766793865795,0.22606135321840526
MOO18_F218,2018,Fishes,Paracirrhites forsteri,17.4,13.5,81.8,-16.6918287379334,12.2985981244807,42.9685407937359,12.0933607720952,3.5530686302589736,-15.869335998479889,Cirrhitidae,macrocarnivores,2.856470206220483,3.653821772206083,Post,0.39,3.4,-16.904326489640262,3.2756040989800184
MOO18_F219,2018,Fishes,Monotaxis grandoculis,24.2,19.5,240.1,-13.5719331779756,11.416555747557,42.6185808837176,13.4692175407872,3.1641467482918673,-13.5719331779756,Lethrinidae,macrocarnivores,3.186352633162641,3.310359025020319,Post,0.39,3.4,-14.472973197733525,3.561335062487915
MOO18_F220,2018,Fishes,Epibulus insidiator,30,22,279.6,-16.8857093751407,12.0812976508825,44.0039489249913,13.4944131704591,3.2609012610730828,-16.8857093751407,Labridae,macrocarnivores,3.4011973816621555,3.8448418783040283,Post,0.39,3.4,-17.99519770767927,2.4088352646488023
MOO18_F221,2018,Fishes,Paracirrhites hemistictus,18.9,14.6,132.2,-13.8775919376544,11.2209853213186,44.9995951669347,13.4878457770434,3.336307065693542,-13.8775919376544,Cirrhitidae,macrocarnivores,2.9391619220655967,3.6006670951524735,Post,0.39,3.4,-14.891852104763863,2.3787171978001904
MOO18_F226,2018,Fishes,Cephalopholis urodeta,17,13.4,73.9,-15.9202629368024,11.3819852176664,41.4866336343453,13.009886642455,3.1888543516561083,-15.9202629368024,Epinephelidae,macrocarnivores,2.833213344056216,3.7967461572738803,Post,0.39,3.4,-17.010993938139215,1.8730482829352084
MOO18_F227,2018,Fishes,Cephalopholis urodeta,16,13.2,67.6,-16.5662019985185,11.7592978581869,42.9495434198494,13.0629044856537,3.2879015127928573,-16.5662019985185,Epinephelidae,macrocarnivores,2.772588722239781,3.7967461572738803,Post,0.39,3.4,-17.656932999855314,2.250360923455707
MOO18_F231,2018,Fishes,Sargocentron spiniferum,21.2,16.5,142.7,-11.5757539642803,9.63963051117897,44.9213419062843,14.0092884937627,3.206539855773864,-11.5757539642803,Holocentridae,macrocarnivores,3.054001181677967,3.6481103244286963,Post,0.39,3.4,-12.608516990807493,0.6360554081214023
MOO18_F235,2018,Fishes,Neoniphon sammara,18.1,14.1,70.1,-10.9644364449227,9.36504173090487,43.1372597081998,13.4646487168675,3.203741933063629,-10.9644364449227,Holocentridae,macrocarnivores,2.89591193827178,3.266454900406031,Post,0.39,3.4,-11.848353856081053,1.6590950695243656
MOO18_F237,2018,Fishes,Neoniphon sammara,18.9,15.2,103.7,-11.4699109633559,9.97150759812896,43.7152251124358,13.782844582966,3.1717128383253166,-11.4699109633559,Holocentridae,macrocarnivores,2.9391619220655967,3.266454900406031,Post,0.39,3.4,-12.353828374514253,2.2655609367484555
MOO18_F240,2018,Fishes,Neoniphon sammara,17.4,13.1,66.2,-11.1642522036771,8.88204204186158,45.6036729133196,14.0188104544936,3.2530344183876,-11.1642522036771,Holocentridae,macrocarnivores,2.856470206220483,3.266454900406031,Post,0.39,3.4,-12.048169614835452,1.1760953804810743
MOO18_F245,2018,Fishes,Gnathodentex aureolineatus,21.7,16.8,136.3,-9.03651112901976,9.31763071848344,48.2451235280677,14.879734964844,3.242337557897054,-9.03651112901976,Lethrinidae,macrocarnivores,3.077312260546414,3.3759295369524,Post,0.39,3.4,-9.963123648431196,1.2394702928452794
MOO18_F247,2018,Fishes,Epibulus insidiator,23.8,17.3,183.4,-12.4363465886187,10.2055994719598,43.8178721924986,13.8277308625963,3.1688403996222516,-12.4363465886187,Labridae,macrocarnivores,3.169685580677429,3.8448418783040283,Post,0.39,3.4,-13.545834921157272,0.5331370857261035
MOO18_F265,2018,Fishes,Paracirrhites hemistictus,22.1,17.4,171.7,-13.6035871595604,10.7774948092932,43.790615324061,13.6969781394663,3.197100475606607,-13.6035871595604,Cirrhitidae,macrocarnivores,3.095577608523707,3.6006670951524735,Post,0.39,3.4,-14.617847326669864,1.93522668577479
MOO18_F271,2018,Fishes,Paracirrhites hemistictus,21.5,18.5,157.1,-12.9259941162595,10.6688445724941,40.7817341386659,13.0146406624297,3.1335274785106795,-12.9259941162595,Cirrhitidae,macrocarnivores,3.068052935133617,3.6006670951524735,Post,0.39,3.4,-13.940254283368963,1.8265764489756897
MOO18_F279,2018,Fishes,Gnathodentex aureolineatus,22.6,16.6,161.8,-9.2917213555477,9.3275080127379,47.5654616332133,14.3689997939601,3.3102834097893914,-9.2917213555477,Lethrinidae,macrocarnivores,3.1179499062782403,3.3759295369524,Post,0.39,3.4,-10.218333874959136,1.2493475870997397
MOO18_F292,2018,Fishes,Sargocentron caudimaculatum,18,13.7,89.4,-12.5629625149581,10.5997035127129,45.1297569258122,13.9316198365488,3.239376142565769,-12.5629625149581,Holocentridae,macrocarnivores,2.8903717578961645,3.6142929223423828,Post,0.39,3.4,-13.58253675467163,1.7111075767487982
MOO18_F303,2018,Fishes,Cephalopholis urodeta,18.5,16,97.5,-15.887619768293,11.8472057770517,42.9527600134243,13.4150474508624,3.201834370750813,-15.887619768293,Epinephelidae,macrocarnivores,2.917770732084279,3.7967461572738803,Post,0.39,3.4,-16.978350769629813,2.338268842320508
MOO18_F304,2018,Fishes,Paracirrhites hemistictus,18.1,14,103.1,-13.0704154072404,10.3636361800312,44.7808736240167,13.95677906736,3.208539263098563,-13.0704154072404,Cirrhitidae,macrocarnivores,2.89591193827178,3.6006670951524735,Post,0.39,3.4,-14.084675574349864,1.5213680565127898
MOO18_F306,2018,Fishes,Paracirrhites hemistictus,20.9,16.5,168.4,-12.0391708658768,10.6666179230256,39.6178282752624,13.8754044483433,2.855255745715773,-12.0391708658768,Cirrhitidae,macrocarnivores,3.039749158970765,3.6006670951524735,Post,0.39,3.4,-13.053431032986264,1.8243497995071891
MOO18_F307,2018,Fishes,Epibulus insidiator,26.5,23,212.7,-16.2476084985339,11.7252539873241,37.7496292951008,13.1906543021465,2.8618466097589903,-16.2476084985339,Labridae,macrocarnivores,3.2771447329921766,3.8448418783040283,Post,0.39,3.4,-17.35709683107247,2.0527916010904033
MOO18_F313,2018,Fishes,Cephalopholis urodeta,18.1,14.2,89.6,-16.5617301678422,11.3313893892754,37.4595241372676,13.0758431024423,2.86478843802209,-16.5617301678422,Epinephelidae,macrocarnivores,2.89591193827178,3.7967461572738803,Post,0.39,3.4,-17.652461169179013,1.822452454544207
MOO18_F322,2018,Fishes,Sargocentron spiniferum,23.1,18.5,212,-14.9237392550138,12.266068067386,38.3620458892837,13.6470695231688,2.811009779363692,-14.9237392550138,Holocentridae,macrocarnivores,3.139832617527748,3.6481103244286963,Post,0.39,3.4,-15.956502281540992,3.262492964328432
MOO18_F323,2018,Fishes,Sargocentron spiniferum,26,22,348.4,-15.0703954286972,12.2600701293446,42.2067510118307,14.4961272978556,2.9115880500079707,-15.0703954286972,Holocentridae,macrocarnivores,3.258096538021482,3.6481103244286963,Post,0.39,3.4,-16.103158455224392,3.2564950262870322
MOO18_F324,2018,Fishes,Sargocentron spiniferum,28.5,19.8,413.1,-15.5985558379758,12.6859237302806,41.3311677632216,13.8400577839286,2.9863435838552874,-15.5985558379758,Holocentridae,macrocarnivores,3.349904087274605,3.6481103244286963,Post,0.39,3.4,-16.63131886450299,3.682348627223032
MOO18_F330,2018,Fishes,Epinephelus hexagonatus,18,15,102.6,-14.6254723071848,10.4976760015275,39.6035795858556,13.9284954238889,2.8433494344214023,-14.6254723071848,Epinephelidae,macrocarnivores,2.8903717578961645,3.560099412233927,Post,0.39,3.4,-15.623911077956032,1.7933379999321488
MOO18_F335,2018,Fishes,Monotaxis grandoculis,36.5,28,784.1,-14.9673397390819,11.6832684210347,37.6237005923045,13.3241616178694,2.8237199210977986,-14.9673397390819,Lethrinidae,macrocarnivores,3.597312260588446,3.310359025020319,Post,0.39,3.4,-15.868379758839826,3.8280477359656153
MOO18_F336,2018,Fishes,Cephalopholis argus,21,18,187.3,-14.4728706129467,11.6392835420648,39.1227486648668,13.8414032401864,2.8265016188011827,-14.4728706129467,Epinephelidae,macrocarnivores,3.044522437723423,3.9756863039210986,Post,0.39,3.4,-15.633388271475928,1.5219501087330656
MOO18_F338,2018,Fishes,Sargocentron tiere,21,17.5,144.8,-15.8321799624007,11.8867413097204,41.2375974378864,14.0772378950255,2.9293812994705877,-15.8321799624007,Holocentridae,macrocarnivores,3.044522437723423,3.619254551759049,Post,0.39,3.4,-16.853689237586728,2.981275833739634
MOO18_F339,2018,Fishes,Cephalopholis urodeta,17.6,14.1,87.9,-16.7046154722478,12.1175853634158,39.2037631043034,13.889242330992,2.8225991144834017,-16.7046154722478,Epinephelidae,macrocarnivores,2.8678989020441064,3.7967461572738803,Post,0.39,3.4,-17.795346473584612,2.6086484286846083
MOO18_F340,2018,Fishes,Epinephelus hexagonatus,17,14.5,70.6,-16.801442969377,10.5066307226061,39.1471964146608,13.714187405943,2.8545035338875775,-16.801442969377,Epinephelidae,macrocarnivores,2.833213344056216,3.560099412233927,Post,0.39,3.4,-17.79988174014823,1.8022927210107493
MOO18_F342,2018,Fishes,Sargocentron tiere,22.5,19.5,76.5,-14.1880885825755,11.3140895370341,36.4503157797902,12.6182964801215,2.888687536959761,-14.1880885825755,Holocentridae,macrocarnivores,3.1135153092103742,3.619254551759049,Post,0.39,3.4,-15.209597857761528,2.4086240610533345
MOO18_F343,2018,Fishes,Fistularia commersonii,74.5,63,223.5,-13.797814487004,10.6245296169827,37.7642652764445,13.3677603754901,2.8250256000762546,-13.797814487004,Fistulariidae,macrocarnivores,4.310799125385514,3.292625232794427,Post,0.39,3.4,-14.691938327793826,2.829603825481649
MOO18_F344,2018,Fishes,Paracirrhites hemistictus,17.5,15,93.1,-13.575506457881,11.8837690686857,39.6278421595248,14.028645924057,2.8247802656113135,-13.575506457881,Cirrhitidae,macrocarnivores,2.8622008809294686,3.6006670951524735,Post,0.39,3.4,-14.589766624990464,3.0415009451672894
MOO18_F347,2018,Fishes,Pterois radiata,11.7,8.5,28.2,-14.9597444525535,9.38510510551106,39.3063300825051,13.3735549933068,2.939108569275495,-14.9597444525535,Scorpaenidae,macrocarnivores,2.4595888418037104,3.2902951894629,Post,0.39,3.4,-15.85295957644403,1.598101461337201
MOO18_F349,2018,Fishes,Aulostomus chinensis,46.4,40.5,198.4,-16.0287990637139,10.905901768268,40.9804143750232,14.500070883395,2.826221658126693,-16.0287990637139,Aulostomidae,macrocarnivores,3.8372994592322094,3.2865695495188625,Post,0.39,3.4,-16.92056118802626,3.131565299903868
MOO18_F350,2018,Fishes,Cephalopholis argus,24.8,19.8,254,-14.6287524980815,11.3576824055431,39.4893766543215,14.1249548740273,2.795717013364327,-14.6287524980815,Epinephelidae,macrocarnivores,3.2108436531709366,3.9756863039210986,Post,0.39,3.4,-15.789270156610728,1.2403489722113648
MOO18_F351,2018,Fishes,Sargocentron microstoma,15.9,13,59.4,-13.3729591424578,11.1090049056395,39.2697613954,13.8629537061028,2.832712438339351,-13.3729591424578,Holocentridae,macrocarnivores,2.766319109226186,3.768002419097823,Post,0.39,3.4,-14.45248008590595,1.697796680706901
MOO18_F352,2018,Fishes,Paracirrhites forsteri,17,13.5,93.7,-15.3885519398397,11.3913678039364,41.9615982658298,14.6718069173735,2.860015709185848,-15.3885519398397,Cirrhitidae,macrocarnivores,2.833213344056216,3.653821772206083,Post,0.39,3.4,-16.423542431000072,2.3683737784357195
MOO18_F353,2018,Fishes,Sargocentron tiere,31.2,17.2,133.1,-15.9606246014495,11.7103883416613,39.2973572024339,14.0129773979184,2.804354569805518,-15.9606246014495,Holocentridae,macrocarnivores,3.4404180948154366,3.619254551759049,Post,0.39,3.4,-16.98213387663553,2.8049228656805347
MOO18_F354,2018,Fishes,Sargocentron microstoma,16.4,13.5,59.3,-13.2573589673139,11.0376711208066,40.6195530697818,14.4385351759741,2.8132738241600324,-13.2573589673139,Holocentridae,macrocarnivores,2.797281334830153,3.768002419097823,Post,0.39,3.4,-14.33687991076205,1.6264628958740008
MOO18_F363,2018,Fishes,Pterois radiata,18.1,13,116.4,-14.8303117778197,11.513229686359301,39.4126919797205,14.0348505028228,2.8082017668655257,-14.8303117778197,Scorpaenidae,macrocarnivores,2.89591193827178,3.2902951894629,Post,0.39,3.4,-15.723526901710231,3.7262260421854414
MOO18_F364,2018,Fishes,Aphareus furca,33,25,504,-15.8124192487009,11.5419613496947,39.1603126454412,14.0494704998289,2.787315909586636,-15.8124192487009,Lutjanidae,macrocarnivores,3.4965075614664802,3.4615538422575476,Post,0.39,3.4,-16.772425247181342,3.172678286019039
MOO18_F367,2018,Fishes,Cephalopholis urodeta,17.8,15.5,130.1,-16.245178878727,11.6549065090135,43.1288455638879,15.3103551043746,2.8169722563498723,-16.245178878727,Epinephelidae,macrocarnivores,2.8791984572980396,3.7967461572738803,Post,0.39,3.4,-17.335909880063813,2.145969574282308
MOO18_F369,2018,Fishes,Paracirrhites hemistictus,17,14.4,80.7,-15.3855878327847,11.2160055828888,41.9279079391518,14.9542231680735,2.803750316409998,-15.3855878327847,Cirrhitidae,macrocarnivores,2.833213344056216,3.6006670951524735,Post,0.39,3.4,-16.399847999894167,2.373737459370389
MOO18_F381,2018,Fishes,Cephalopholis urodeta,10.5,8.2,35.2,-15.4234432413069,11.4521990160006,39.4205777806982,13.7871553736288,2.8592248881229985,-15.4234432413069,Epinephelidae,macrocarnivores,2.3513752571634776,3.7967461572738803,Post,0.39,3.4,-16.514174242643715,1.943262081269408
MOO18_F398,2018,Fishes,Lutjanus fulvus,22,18,153.2,-14.723829483923,11.613819224298,39.1828928935191,13.7578620414795,2.848036473645686,-14.723829483923,Lutjanidae,macrocarnivores,3.091042453358316,3.64625079562158,Post,0.39,3.4,-15.755867294215417,2.6165665191846283
MOO18_F404,2018,Fishes,Lutjanus fulvus,23.5,19.1,206.7,-11.6427224779088,10.4894613554634,40.2413988432649,14.1648091326079,2.8409418345516393,-11.6427224779088,Lutjanidae,macrocarnivores,3.1570004211501135,3.64625079562158,Post,0.39,3.4,-12.674760288201217,1.4922086503500278
MOO18_F415,2018,Fishes,Neoniphon sammara,22,19,123.2,-11.5074103615094,9.73623137234885,39.0466572569322,13.864240719176,2.8163574225111176,-11.5074103615094,Holocentridae,macrocarnivores,3.091042453358316,3.266454900406031,Post,0.39,3.4,-12.391327772667752,2.0302847109683455
MOO18_F424,2018,Fishes,Neoniphon sammara,18.5,14.2,86.5,-10.7536717575657,9.32220429553752,44.1588593570092,15.2519879149804,2.8952854934822407,-10.7536717575657,Holocentridae,macrocarnivores,2.917770732084279,3.266454900406031,Post,0.39,3.4,-11.637589168724052,1.6162576341570158
MOO18_F427,2018,Fishes,Fistularia commersonii,93,83.5,456,-14.4291497637642,10.6081823726696,39.3850518162878,14.1152730381586,2.790243710469929,-14.4291497637642,Fistulariidae,macrocarnivores,4.532599493153256,3.292625232794427,Post,0.39,3.4,-15.323273604554025,2.813256581168548
MOO18_F430,2018,Fishes,Pterois radiata,19.7,15.5,100.1,-13.2744863704889,10.7708002365738,42.253181090207,15.2100419686377,2.777979257212493,-13.2744863704889,Scorpaenidae,macrocarnivores,2.9806186357439426,3.2902951894629,Post,0.39,3.4,-14.16770149437943,2.9837965923999406
MOO18_F446,2018,Fishes,Epinephelus merra,21,17.5,121.5,-14.1384792914987,10.7398729127638,38.7109177815844,13.8894834432544,2.787066771758516,-14.1384792914987,Epinephelidae,macrocarnivores,3.044522437723423,3.4167604313115785,Post,0.39,3.4,-15.081015859710215,2.522887446304434
MOO18_F451,2018,Fishes,Neoniphon sammara,22.2,18.7,109.8,-13.9173442571825,9.81674405103808,43.0337695415839,14.2331476554618,3.0234892929723953,-13.9173442571825,Holocentridae,macrocarnivores,3.100092288878234,3.266454900406031,Post,0.39,3.4,-14.801261668340851,2.1107973896575754
MOO18_F477,2018,Fishes,Scorpaenopsis papuensis,20.3,16.2,218.8,-15.0252682768476,10.9556810525943,36.1952475500984,12.6937299098461,2.851427264260835,-15.0252682768476,Scorpaenidae,macrocarnivores,3.0106208860477417,3.6036553691373334,Post,0.39,3.4,-16.04069387081116,2.103252797527368
MOO18_F480,2018,Fishes,Lutjanus kasmira,26.4,19.5,251,-13.9857223943532,10.7542051209781,41.4142099515071,14.4704546923318,2.861984010319549,-13.9857223943532,Lutjanidae,macrocarnivores,3.2733640101522705,3.623367549240874,Post,0.39,3.4,-15.00883573855714,1.8347554535591275
MOO18_F482,2018,Fishes,Lutjanus kasmira,22.1,17.5,141.4,-15.495987337081,11.2942342162232,38.3968827251325,13.4481986956585,2.8551692010267677,-15.495987337081,Lutjanidae,macrocarnivores,3.095577608523707,3.623367549240874,Post,0.39,3.4,-16.519100681284943,2.3747845488042287
MOO18_F487,2018,Fishes,Aulostomus chinensis,36.5,30.7,76.5,-15.0341871643046,9.24083568029966,40.0956863568585,13.9080816190939,2.8829055979807157,-15.0341871643046,Aulostomidae,macrocarnivores,3.597312260588446,3.2865695495188625,Post,0.39,3.4,-15.925949288616955,1.4664992119355285
MOO18_F488,2018,Fishes,Sargocentron tiere,20.3,16.4,127.7,-15.074817651609,11.7183456521824,38.269465542069,13.5052415738845,2.83367500926987,-15.074817651609,Holocentridae,macrocarnivores,3.0106208860477417,3.619254551759049,Post,0.39,3.4,-16.09632692679503,2.8128801762016344
MOO18_F504,2018,Fishes,Lutjanus fulvus,23.1,17.7,190.5,-13.9470738820393,10.2279757470765,39.3038559416102,14.0050900244818,2.8063979505240257,-13.9470738820393,Lutjanidae,macrocarnivores,3.139832617527748,3.64625079562158,Post,0.39,3.4,-14.979111692331717,1.2307230419631274
MOO18_F507,2018,Fishes,Scomberoides lysan,35.6,28.2,233,-13.6824802208134,9.45335138899068,39.0205213470412,13.7295583449031,2.84208132314227,-13.6824802208134,Carangidae,macrocarnivores,3.572345637857985,3.392131204306409,Post,0.39,3.4,-14.615411390492898,1.3201052943488882
MOO18_F512,2018,Fishes,Lutjanus kasmira,26.5,21.4,294.3,-14.4534684921009,10.7312055854055,39.2706991862388,13.8332514221092,2.8388625340441527,-14.4534684921009,Lutjanidae,macrocarnivores,3.2771447329921766,3.623367549240874,Post,0.39,3.4,-15.47658183630484,1.8117559179865275
MOO18_F517,2018,Fishes,Lutjanus fulvus,25.5,20.1,239.9,-15.0153584018953,10.6428873688066,39.2572124901056,13.80017470684,2.8446895292309544,-15.0153584018953,Lutjanidae,macrocarnivores,3.2386784521643803,3.64625079562158,Post,0.39,3.4,-16.047396212187717,1.6456346636932278
MOO18_F543,2018,Fishes,Monotaxis grandoculis,26.5,20.4,325,-14.6655398160798,11.3797924885534,37.2064870487079,13.3821616202675,2.7803047149242373,-14.6655398160798,Lethrinidae,macrocarnivores,3.2771447329921766,3.310359025020319,Post,0.39,3.4,-15.566579835837725,3.5245718034843154
MOO18_F563,2018,Fishes,Gnathodentex aureolineatus,23.1,17.1,157,-13.277166335265,10.6557671087273,38.787906848112,13.6942723959462,2.8324182349106812,-13.277166335265,Lethrinidae,macrocarnivores,3.139832617527748,3.3759295369524,Post,0.39,3.4,-14.203778854676436,2.57760668308914
MOO18_F565,2018,Fishes,Aulostomus chinensis,44.2,37.9,154.9,-16.3274258455774,9.82226393957551,39.1853527710773,13.7319967794337,2.8535801020405773,-16.3274258455774,Aulostomidae,macrocarnivores,3.7887247890836524,3.2865695495188625,Post,0.39,3.4,-17.21918796988976,2.047927471211378
MOO18_F566,2018,Fishes,Aphareus furca,36.6,26.6,466,-16.8447213180866,10.5867685020094,38.7403735588224,13.7236713894995,2.822887000082509,-16.8447213180866,Lutjanidae,macrocarnivores,3.6000482404073204,3.4615538422575476,Post,0.39,3.4,-17.804727316567043,2.217485438333739
MOO18_F567,2018,Fishes,Aulostomus chinensis,42.1,36.9,153.7,-15.4553568497766,9.91242211902019,38.6425064660695,13.6009651957101,2.841159131725283,-15.4553568497766,Aulostomidae,macrocarnivores,3.7400477406883357,3.2865695495188625,Post,0.39,3.4,-16.347118974088957,2.138085650656058
MOO18_F576,2018,Fishes,Paracirrhites forsteri,12.4,9.5,30.1,-17.4343588777473,10.8158438763127,39.3105493297713,13.4046478211416,2.9326059031384113,-17.4343588777473,Cirrhitidae,macrocarnivores,2.517696472610991,3.653821772206083,Post,0.39,3.4,-18.46934936890767,1.7928498508120185
MOO18_F581,2018,Fishes,Aphareus furca,32.4,24.3,342.3,-16.4423803950239,10.3208938707899,40.6498710757491,14.4026703592764,2.8223843260821098,-16.4423803950239,Lutjanidae,macrocarnivores,3.4781584227982836,3.4615538422575476,Post,0.39,3.4,-17.402386393504344,1.951610807114239
MOO18_F586,2018,Fishes,Monotaxis grandoculis,29,22.2,437,-11.924468404278601,9.35399339531696,39.4360337471026,13.937681196389,2.829454425842353,-11.924468404278601,Lethrinidae,macrocarnivores,3.367295829986474,3.310359025020319,Post,0.39,3.4,-12.825508424036526,1.4987727102478754
MOO18_F594,2018,Fishes,Lutjanus kasmira,21.3,16.6,126.1,-12.4308630143402,9.80294432969451,38.7188202868839,13.666001522928,2.83322230148473,-12.4308630143402,Lutjanidae,macrocarnivores,3.0587070727153796,3.623367549240874,Post,0.39,3.4,-13.453976358544141,0.8834946622755382
MOO18_F614,2018,Fishes,Cheilodipterus macrodon,23.7,18.3,138.4,-15.5891412380545,11.5478016921107,37.1541725494573,13.7619648601207,2.6997723745918236,-15.5891412380545,Apogonidae,macrocarnivores,3.1654750481410856,3.822800271992673,Post,0.39,3.4,-16.690033344131642,1.9502807673356113
MOO18_F631,2018,Fishes,Bothus mancus,36.6,30.9,551,-15.6877187831676,10.6805514903855,39.5993378393304,14.5414137964304,2.723210988538898,-15.6877187831676,Bothidae,macrocarnivores,3.6000482404073204,2.894555164660402,Post,0.39,3.4,-16.426595297385155,4.239063930540134
MOO18_F639,2018,Fishes,Aulostomus chinensis,56,48.8,389,-13.7871437133872,10.7687139418316,39.8598772648584,13.57464361715,2.9363479726642714,-13.7871437133872,Aulostomidae,macrocarnivores,4.02535169073515,3.2865695495188625,Post,0.39,3.4,-14.678905837699556,2.994377473467467
MOO18_F640,2018,Fishes,Aulostomus chinensis,43.5,39,161,-14.5964653587657,10.3173605219283,41.1638991574107,14.6328307682839,2.813119334820154,-14.5964653587657,Aulostomidae,macrocarnivores,3.7727609380946383,3.2865695495188625,Post,0.39,3.4,-15.488227483078056,2.543024053564168
MOO18_F641,2018,Fishes,Fistularia commersonii,98.5,90.2,671,-16.1865211614398,11.3484778888413,40.0491767432931,13.8176712354682,2.8984027815404936,-16.1865211614398,Fistulariidae,macrocarnivores,4.590056548178043,3.292625232794427,Post,0.39,3.4,-17.080645002229627,3.5535520973402486
MOO18_F664,2018,Fishes,Gymnothorax javanicus,120,120,4642,-8.48071445994951,9.26036939209085,40.2541828900699,13.5211348246238,2.977130500670819,-8.48071445994951,Muraenidae,macrocarnivores,4.787491742782046,3.2304113435576833,Post,0.39,3.4,-9.350574883937007,1.6769708239947265
MOO18_F673,2018,Fishes,Sargocentron spiniferum,22.6,16.8,171.5,-11.353264124545,9.97141872875391,41.7308521866721,13.9234877005728,2.9971551010854367,-11.353264124545,Holocentridae,macrocarnivores,3.1179499062782403,3.6481103244286963,Post,0.39,3.4,-12.386027151072192,0.967843625696343
MOO18_F676,2018,Fishes,Gnathodentex aureolineatus,25.2,19,181.3,-7.80841560227823,9.0390049759599,40.7463547644593,13.8030865895159,2.9519741472467538,-7.80841560227823,Lethrinidae,macrocarnivores,3.2268439945173775,3.3759295369524,Post,0.39,3.4,-8.735028121689666,0.96084455032174
MOO18_F683,2018,Fishes,Gymnosarda unicolor,75.5,64.5,NA,-15.5595679745206,12.0010716870455,40.4938507735527,14.2285014668071,2.8459673612164016,-15.5595679745206,Scombridae,macrocarnivores,4.324132656254979,3.906051981678159,Post,0.39,3.4,-16.692928247375082,2.1204949493397596
MOO18_F685,2018,Fishes,Sphyraena barracuda,76.1,62.5,NA,-16.0406263946725,11.5248027917334,39.722420705377,13.7335377530504,2.8923662219921535,-16.0406263946725,Sphyraenidae,macrocarnivores,4.33204826486764,3.5791694148860733,Post,0.39,3.4,-17.04650246647807,2.7556267811207515
MOO18_F699,2018,Fishes,Gnathodentex aureolineatus,23,17.8,132,-12.6426584146242,11.8726611599392,39.7994469133834,13.8136714913258,2.8811635587522972,-12.6426584146242,Lethrinidae,macrocarnivores,3.1354942159291497,3.3759295369524,Post,0.39,3.4,-13.569270934035636,3.7945007343010406
MOO18_F700,2018,Fishes,Gnathodentex aureolineatus,21.4,16.5,155.6,-11.7101148378544,10.7485899040015,40.5198185106209,14.0712443248336,2.8796187156746047,-11.7101148378544,Lethrinidae,macrocarnivores,3.0633909220278057,3.3759295369524,Post,0.39,3.4,-12.636727357265837,2.6704294783633404
MOO18_F701,2018,Fishes,Epinephelus merra,19.7,15.8,100.1,-15.3476262525274,11.4165163024573,41.1040697001851,14.4873102414189,2.837246460193106,-15.3476262525274,Epinephelidae,macrocarnivores,2.9806186357439426,3.4167604313115785,Post,0.39,3.4,-16.290162820738914,3.1995308359979333
MOO18_F717,2018,Fishes,Aulostomus chinensis,62.3,54.1,344,-13.356359841243,10.5176426127134,39.5616833908941,13.7707354582675,2.872880937317154,-13.356359841243,Aulostomidae,macrocarnivores,4.131961425793407,3.2865695495188625,Post,0.39,3.4,-14.248121965555356,2.743306144349268
MOO18_F725,2018,Fishes,Sargocentron spiniferum,27.5,22,413,-13.1631478528213,11.9474075861653,41.5357583978296,14.3884313439358,2.886746817979947,-13.1631478528213,Holocentridae,macrocarnivores,3.3141860046725258,3.6481103244286963,Post,0.39,3.4,-14.195910879348492,2.943832483107732
MOO19_F737,2019,Fishes,Aphareus furca,28.7,21,281,-16.81,10.51,42.26,13.12,3.221036585365854,-16.81,Lutjanidae,macrocarnivores,3.3568971227655755,3.4615538422575476,Post,0.39,3.4,-17.770005998480443,2.1407169363243383
MOO19_F739,2019,Fishes,Aphareus furca,23.9,17.1,137.7,-17.14,10.08,41.65,13.1,3.1793893129770994,-17.14,Lutjanidae,macrocarnivores,3.173878458937465,3.4615538422575476,Post,0.39,3.4,-18.100005998480444,1.7107169363243386
MOO19_F741,2019,Fishes,Sargocentron spiniferum,26,20.9,317.5,-15.41,12.3,42.51,13.27,3.203466465712133,-15.41,Holocentridae,macrocarnivores,3.258096538021482,3.6481103244286963,Post,0.39,3.4,-16.442763026527192,3.2964248969424332
MOO19_F743,2019,Fishes,Variola louti,31.5,22.7,395,-16.4,10.58,42.67,12.87,3.315462315462316,-16.4,Epinephelidae,macrocarnivores,3.449987545831587,3.5564162973776567,Post,0.39,3.4,-17.397002355977286,1.8881845889159674
MOO19_F744,2019,Fishes,Paracirrhites forsteri,18.3,14.4,113.8,-14.12,10.87,41.52,13.05,3.1816091954022987,-14.12,Cirrhitidae,macrocarnivores,2.9069010598473755,3.653821772206083,Post,0.39,3.4,-15.154990491160373,1.847005974499318
MOO19_F745,2019,Fishes,Sargocentron spiniferum,22.7,17.8,196.4,-15.12,11.51,42.15,12.81,3.2903981264637,-15.12,Holocentridae,macrocarnivores,3.122364924487357,3.6481103244286963,Post,0.39,3.4,-16.15276302652719,2.5064248969424323
MOO19_F748,2019,Fishes,Sargocentron spiniferum,22.2,17.5,175.7,-14.18,10.4,41.57,12.53,3.317637669592977,-14.18,Holocentridae,macrocarnivores,3.100092288878234,3.6481103244286963,Post,0.39,3.4,-15.212763026527192,1.3964248969424329
MOO19_F761,2019,Fishes,Aulostomus chinensis,40,34.6,96.1,-15.16,9.6,40.68,12.94,3.143740340030912,-15.16,Aulostomidae,macrocarnivores,3.6888794541139363,3.2865695495188625,Post,0.39,3.4,-16.051762124312358,1.8256635316358674
MOO19_F764,2019,Fishes,Epinephelus merra,22.5,18.1,176.6,-14.41,9.84,42.03,13.09,3.210847975553858,-14.41,Epinephelidae,macrocarnivores,3.1135153092103742,3.4167604313115785,Post,0.39,3.4,-15.352536568211516,1.6230145335406334
MOO19_F774,2019,Fishes,Gnathodentex aureolineatus,23.5,17.7,181.4,-8.81,7.55,42.63,12.91,3.302091402013943,-8.81,Lethrinidae,macrocarnivores,3.1570004211501135,3.3759295369524,Post,0.39,3.4,-9.736612519411437,-0.52816042563816
MOO19_F775,2019,Fishes,Lutjanus fulvus,26.5,21.1,271,-13.29,10.24,41.99,12.71,3.3036978756884343,-13.29,Lutjanidae,macrocarnivores,3.2771447329921766,3.64625079562158,Post,0.39,3.4,-14.322037810292414,1.2427472948866285
MOO19_F781,2019,Fishes,Lutjanus fulvus,25.5,18.9,241.5,-13,9.92,41.58,13.36,3.1122754491017965,-13,Lutjanidae,macrocarnivores,3.2386784521643803,3.64625079562158,Post,0.39,3.4,-14.032037810292415,0.9227472948866282
MOO19_F785,2019,Fishes,Sargocentron tiere,23,17.4,165.1,-16.4,10.42,45.37,11.38,3.986818980667838,-15.291628467160136,Holocentridae,macrocarnivores,3.1354942159291497,3.619254551759049,Post,0.39,3.4,-16.313137742346164,1.5145345240192345
MOO19_F788,2019,Fishes,Sargocentron tiere,20.3,15.5,123.7,-14.62,10.23,42.89,12.43,3.450522928399035,-14.62,Holocentridae,macrocarnivores,3.0106208860477417,3.619254551759049,Post,0.39,3.4,-15.641509275186028,1.324534524019235
MOO19_F802,2019,Fishes,Lutjanus fulvus,18,13.3,81.9,-14.3,10.49,41.36,12.79,3.2337763878029713,-14.3,Lutjanidae,macrocarnivores,2.8903717578961645,3.64625079562158,Post,0.39,3.4,-15.332037810292416,1.4927472948866285
MOO19_F803,2019,Fishes,Lutjanus kasmira,22.5,17.5,165.3,-15.96,11.53,40.41,12.1,3.3396694214876033,-15.96,Lutjanidae,macrocarnivores,3.1135153092103742,3.623367549240874,Post,0.39,3.4,-16.983113344203943,2.6105503325810275
MOO19_F804,2019,Fishes,Sargocentron caudimaculatum,19.2,14.6,116.4,-15.07,11.35,41.08,12.38,3.318255250403877,-15.07,Holocentridae,macrocarnivores,2.954910279033736,3.6142929223423828,Post,0.39,3.4,-16.089574239713528,2.4614040640358983
MOO19_F805,2019,Fishes,Lutjanus kasmira,22.9,17.8,147.5,-15.58,10.85,38.6,11.84,3.260135135135135,-15.58,Lutjanidae,macrocarnivores,3.131136910560194,3.623367549240874,Post,0.39,3.4,-16.60311334420394,1.9305503325810278
MOO19_F806,2019,Fishes,Scomberoides lysan,40.6,33.7,357.1,-16.47,10.17,41.16,12.59,3.269261318506751,-16.47,Carangidae,macrocarnivores,3.703768066607687,3.392131204306409,Post,0.39,3.4,-17.402931169679498,2.036753905358209
MOO19_F810,2019,Fishes,Cirrhitus pinnulatus,13.1,10.2,26,-15.67,10.64,41.36,13.05,3.1693486590038313,-15.67,Cirrhitidae,macrocarnivores,2.5726122302071057,3.558280902003465,Post,0.39,3.4,-16.667729551781353,1.9418449331882197
MOO19_F818,2019,Fishes,Pterois radiata,11.8,8.7,26.4,-11.54,8.93,41.73,13.28,3.1423192771084336,-11.54,Scorpaenidae,macrocarnivores,2.468099531471619,3.2902951894629,Post,0.39,3.4,-12.43321512389053,1.1429963558261402
MOO19_F820,2019,Fishes,Fistularia commersonii,79,63,163.3,-12.14,9.49,41.38,12.98,3.1879815100154083,-12.14,Fistulariidae,macrocarnivores,4.3694478524670215,3.292625232794427,Post,0.39,3.4,-13.034123840789826,1.6950742084989487
MOO19_F822,2019,Fishes,Fistularia commersonii,66,51.2,87.3,-9.24,9.28,43.55,13.49,3.228317272053373,-9.24,Fistulariidae,macrocarnivores,4.189654742026425,3.292625232794427,Post,0.39,3.4,-10.134123840789826,1.485074208498948
MOO19_F823,2019,Fishes,Sargocentron spiniferum,27.9,21.5,354.4,-16.25,10.09,49.61,10.32,4.807170542635658,-14.61724167007809,Holocentridae,macrocarnivores,3.32862668882732,3.6481103244286963,Post,0.39,3.4,-15.650004696605283,1.0864248969424324
MOO19_F971,2019,Fishes,Uropterygius xanthopterus,17.8,17.8,6.8,-15.7,7.29,44.53,11.61,3.835486649440138,-14.69067635393114,Muraenidae,macrocarnivores,2.8791984572980396,2.5363270485324962,Post,0.39,3.4,-15.289843902858813,2.066488034989513
MOO19_F995,2019,Fishes,Paracirrhites forsteri,18.3,14.7,84.4,-15.81,11.25,41.94,13.06,3.2113323124042874,-15.81,Cirrhitidae,macrocarnivores,2.9069010598473755,3.653821772206083,Post,0.39,3.4,-16.844990491160374,2.2270059744993187
MOO19_F996,2019,Fishes,Paracirrhites forsteri,17.9,14.6,83.5,-16.21,11.48,40.59,12.33,3.291970802919708,-16.21,Cirrhitidae,macrocarnivores,2.884800712846709,3.653821772206083,Post,0.39,3.4,-17.244990491160372,2.457005974499319
MOO19_F997,2019,Fishes,Paracirrhites forsteri,14.1,11.7,43.5,-16.52,11.36,40.81,12.51,3.262190247801759,-16.52,Cirrhitidae,macrocarnivores,2.6461747973841225,3.653821772206083,Post,0.39,3.4,-17.55499049116037,2.337005974499318
MOO19_F1008,2019,Fishes,Gnathodentex aureolineatus,25.1,20.5,196.8,-11.3,11.89,40.88,13.1,3.120610687022901,-11.3,Lethrinidae,macrocarnivores,3.2228678461377385,3.3759295369524,Post,0.39,3.4,-12.226612519411436,3.8118395743618407
MOO19_F1009,2019,Fishes,Bothus mancus,36.8,30.5,550,-12.75,8.84,42.37,12.78,3.315336463223787,-12.75,Bothidae,macrocarnivores,3.6054978451748854,2.894555164660402,Post,0.39,3.4,-13.488876514217557,2.398512440154633
MOO19_F1010,2019,Fishes,Fistularia commersonii,55.8,48.8,80.9,-10.98,9.73,41.84,13.05,3.206130268199234,-10.98,Fistulariidae,macrocarnivores,4.021773869387265,3.292625232794427,Post,0.39,3.4,-11.874123840789826,1.935074208498949
MOO19_F1057,2019,Fishes,Sargocentron microstoma,17.4,14.5,61.8,-13.13,9.46,42.15,13.04,3.232361963190184,-13.13,Holocentridae,macrocarnivores,2.856470206220483,3.768002419097823,Post,0.39,3.4,-14.209520943448151,0.048791775067401844
MOO19_F1063,2019,Fishes,Sargocentron tiere,20.9,17.2,127.3,-15.99,10.38,43.23,12.58,3.4364069952305245,-15.99,Holocentridae,macrocarnivores,3.039749158970765,3.619254551759049,Post,0.39,3.4,-17.01150927518603,1.4745345240192353
MOO19_F1086,2019,Fishes,Epinephelus fasciatus,23.1,19.2,161.3,-15.52,10.99,41.16,13.16,3.1276595744680846,-15.52,Epinephelidae,macrocarnivores,3.139832617527748,3.7686352531922367,Post,0.39,3.4,-16.599767748744974,1.5766401391463951
MOO19_F1087,2019,Fishes,Epinephelus fasciatus,28.8,24.6,311.3,-15.57,12.06,40.18,12.71,3.161290322580645,-15.57,Epinephelidae,macrocarnivores,3.3603753871419,3.7686352531922367,Post,0.39,3.4,-16.649767748744974,2.6466401391463954
MOO19_F1101,2019,Fishes,Lutjanus kasmira,20.9,17.5,147.4,-16.9,13.23,44.37,12.04,3.685215946843854,-15.989762030087912,Lutjanidae,macrocarnivores,3.039749158970765,3.623367549240874,Post,0.39,3.4,-17.012875374291852,4.310550332581029
MOO19_F1130,2019,Fishes,Lutjanus monostigma,26.3,21.6,251.8,-14.62,10.52,41.98,12.82,3.2745709828393132,-14.62,Lutjanidae,macrocarnivores,3.269568939183719,3.579703393387338,Post,0.39,3.4,-15.626084323421061,1.7490084624830509
MOO19_F1145,2019,Fishes,Priacanthus hamrur,34.2,27.9,580,-16.21,11.19,41.98,13.1,3.2045801526717557,-16.21,Priacanthidae,macrocarnivores,3.5322256440685598,3.688378472893214,Post,0.39,3.4,-17.258467604428354,2.0495131921630723
MOO19_F1154,2019,Fishes,Cirrhitus pinnulatus,16.6,14,65.2,-13.63,10.83,41.41,13.36,3.0995508982035926,-13.63,Cirrhitidae,macrocarnivores,2.8094026953624978,3.558280902003465,Post,0.39,3.4,-14.627729551781352,2.131844933188219
MOO19_F1155,2019,Fishes,Caranx melampygus,54.5,48.2,1755,-15.73,11.3,43.31,13.03,3.3238679969301614,-15.73,Carangidae,macrocarnivores,3.9982007016691985,3.5972071707186624,Post,0.39,3.4,-16.74291079658028,2.4694956195565485
MOO19_F1163,2019,Fishes,Cheilio inermis,33.2,28.5,230,-12.72,9.55,40.99,13.31,3.079639368895567,-12.72,Labridae,macrocarnivores,3.502549875922443,3.350199840588423,Post,0.39,3.4,-13.636577937829486,1.5593205419993632
MOO19_F1167,2019,Fishes,Tylosurus crocodilus,83.5,80.2,1235,-13.41,10.33,41.17,13.66,3.013909224011713,-13.41,Belonidae,macrocarnivores,4.42484663185681,3.3778426949832907,Post,0.39,3.4,-14.337358651043484,2.245334837056811
MOO19_F1168,2019,Fishes,Fistularia commersonii,83.1,66.5,259.8,-11.78,9.88,40.84,13.16,3.103343465045593,-11.78,Fistulariidae,macrocarnivores,4.420044701861403,3.292625232794427,Post,0.39,3.4,-12.674123840789825,2.0850742084989493
MOO19_F1188,2019,Fishes,Paracirrhites forsteri,17.9,15.4,80.6,-13.37,10.89,34.98,11.06,3.1627486437613017,-13.37,Cirrhitidae,macrocarnivores,2.884800712846709,3.653821772206083,Post,0.39,3.4,-14.404990491160373,1.8670059744993193
MOO19_F1189,2019,Fishes,Cirrhitus pinnulatus,14.8,12.2,63.1,-13.99,10.76,41.6,13.37,3.111443530291698,-13.99,Cirrhitidae,macrocarnivores,2.6946271807700692,3.558280902003465,Post,0.39,3.4,-14.987729551781351,2.061844933188219
MOO19_F1192,2019,Fishes,Lutjanus fulvus,23.4,18.8,169.9,-15.23,11.84,41.5,13.02,3.187403993855607,-15.23,Lutjanidae,macrocarnivores,3.152736022363656,3.64625079562158,Post,0.39,3.4,-16.262037810292416,2.842747294886628
MOO19_F1193,2019,Fishes,Lutjanus kasmira,22.3,18.2,131.9,-15.44,10.85,41.26,13.14,3.140030441400304,-15.44,Lutjanidae,macrocarnivores,3.104586678466073,3.623367549240874,Post,0.39,3.4,-16.46311334420394,1.9305503325810278
MOO19_F1195,2019,Fishes,Aphareus furca,36.4,29.5,505,-16.18,10.98,41.38,13.04,3.173312883435583,-16.18,Lutjanidae,macrocarnivores,3.594568774642695,3.4615538422575476,Post,0.39,3.4,-17.140005998480444,2.610716936324339
MOO19_F1200,2019,Fishes,Lutjanus monostigma,39.1,28.3,760,-14.4,11.65,42.22,12.91,3.2703330751355537,-14.4,Lutjanidae,macrocarnivores,3.66612246699132,3.579703393387338,Post,0.39,3.4,-15.406084323421062,2.8790084624830516
MOO19_F1214,2019,Fishes,Cirrhitus pinnulatus,19,17.1,145,-14.51,11.57,41.36,13.15,3.1452471482889734,-14.51,Cirrhitidae,macrocarnivores,2.9444389791664403,3.558280902003465,Post,0.39,3.4,-15.50772955178135,2.8718449331882194
MOO19_F1217,2019,Fishes,Aphareus furca,24,20.2,160.2,-15.68,10.33,40.67,12.94,3.142967542503864,-15.68,Lutjanidae,macrocarnivores,3.1780538303479458,3.4615538422575476,Post,0.39,3.4,-16.640005998480444,1.9607169363243386
MOO19_F1240,2019,Fishes,Pterois radiata,13.8,11.2,41.4,-13.61,10.78,40.82,13.04,3.1303680981595092,-13.61,Scorpaenidae,macrocarnivores,2.624668592163159,3.2902951894629,Post,0.39,3.4,-14.50321512389053,2.99299635582614
MOO19_F1241,2019,Fishes,Pterois radiata,18.2,15.3,114.9,-12.3,9.18,41.44,13.41,3.0902311707680834,-12.3,Scorpaenidae,macrocarnivores,2.9014215940827497,3.2902951894629,Post,0.39,3.4,-13.193215123890532,1.3929963558261402
MOO19_F1242,2019,Fishes,Oxycheilinus unifasciatus,20.8,18.2,109.4,-15.11,10.76,38.41,12.38,3.1025848142164776,-15.11,Labridae,macrocarnivores,3.0349529867072724,3.43721080467306,Post,0.39,3.4,-16.06051221382249,2.4734832641115965
MOO19_F1243,2019,Fishes,Lutjanus kasmira,22.4,19.2,138.4,-14.47,10.34,42.54,13.31,3.196093163035312,-14.47,Lutjanidae,macrocarnivores,3.109060958860994,3.623367549240874,Post,0.39,3.4,-15.493113344203941,1.420550332581028
MOO19_F1244,2019,Fishes,Aphareus furca,27.5,20.4,151.3,-15.07,10.69,40.91,13.32,3.071321321321321,-15.07,Lutjanidae,macrocarnivores,3.3141860046725258,3.4615538422575476,Post,0.39,3.4,-16.030005998480444,2.320716936324338
MOO19_F1245,2019,Fishes,Aphareus furca,30.2,25.3,238.3,-16.48,10.69,40.16,12.58,3.1923688394276626,-16.48,Lutjanidae,macrocarnivores,3.407841924380824,3.4615538422575476,Post,0.39,3.4,-17.440005998480444,2.320716936324338
MOO19_F1262,2019,Fishes,Oxycheilinus unifasciatus,25,22,247.8,-15.21,10.86,41.57,13.3,3.125563909774436,-15.21,Labridae,macrocarnivores,3.2188758248682006,3.43721080467306,Post,0.39,3.4,-16.160512213822493,2.573483264111596
MOO19_F1263,2019,Fishes,Epinephelus fasciatus,19,16,395,-14.99,11.9,41.2,12.92,3.188854489164087,-14.99,Epinephelidae,macrocarnivores,2.9444389791664403,3.7686352531922367,Post,0.39,3.4,-16.069767748744972,2.4866401391463953
MOO19_F1264,2019,Fishes,Sargocentron tiere,20,17.6,133.8,-15.3,11.11,42.09,13.16,3.198328267477204,-15.3,Holocentridae,macrocarnivores,2.995732273553991,3.619254551759049,Post,0.39,3.4,-16.32150927518603,2.204534524019234
MOO19_F1265,2019,Fishes,Caranx melampygus,41.9,39.1,1000,-15.88,11.41,45.72,11.69,3.9110350727117194,-14.821137436581624,Carangidae,macrocarnivores,3.735285826928092,3.5972071707186624,Post,0.39,3.4,-15.834048233161903,2.579495619556548
MOO19_F1266,2019,Fishes,Caranx melampygus,38.9,36,880,-15.68,10.02,43.57,12.57,3.466189339697693,-15.68,Carangidae,macrocarnivores,3.6609942506244004,3.5972071707186624,Post,0.39,3.4,-16.69291079658028,1.1894956195565474
MOO19_F1276,2019,Fishes,Oxycheilinus unifasciatus,19,16.8,86.5,-16.13,10.11,41.71,13.33,3.129032258064516,-16.13,Labridae,macrocarnivores,2.9444389791664403,3.43721080467306,Post,0.39,3.4,-17.08051221382249,1.8234832641115961
MOO19_F1277,2019,Fishes,Variola louti,42,35,745,-15.75,10.96,41.19,13.12,3.1394817073170733,-15.75,Epinephelidae,macrocarnivores,3.7376696182833684,3.5564162973776567,Post,0.39,3.4,-16.747002355977287,2.268184588915968
MOO19_F1294,2019,Fishes,Epinephelus hexagonatus,22.5,20,156.1,-16.03,11.61,41.87,13.05,3.208429118773946,-16.03,Epinephelidae,macrocarnivores,3.1135153092103742,3.560099412233927,Post,0.39,3.4,-17.02843877077123,2.905661998404648
MOO19_F1295,2019,Fishes,Epinephelus hexagonatus,21.5,19.2,139.8,-15.67,10.97,41.72,13.06,3.1944869831546705,-15.67,Epinephelidae,macrocarnivores,3.068052935133617,3.560099412233927,Post,0.39,3.4,-16.668438770771232,2.2656619984046493
MOO19_F1300,2019,Fishes,Cephalopholis sexmaculata,29.8,24.7,298.9,-16.14,12.07,42.76,13.18,3.244309559939302,-16.14,Epinephelidae,macrocarnivores,3.3945083935113587,3.9562636860010687,Post,0.39,3.4,-17.292942837540416,2.0187034675963673
MOO19_F1301,2019,Fishes,Lethrinus xanthochilus,40.3,37.5,805,-14.1,10.03,41.31,13.17,3.1366742596810937,-14.1,Lethrinidae,macrocarnivores,3.696351468952637,3.4055486617121082,Post,0.39,3.4,-15.038163978067722,1.8511345501788323
MOO19_F1302,2019,Fishes,Scomberoides lysan,40.9,35.8,360.8,-16.69,11.58,42.02,13.03,3.224865694551037,-16.69,Carangidae,macrocarnivores,3.711130063048756,3.392131204306409,Post,0.39,3.4,-17.6229311696795,3.446753905358209
MOO19_F1303,2019,Fishes,Sphyraena barracuda,66.3,61.5,1495,-12.13,10.39,41.05,13.16,3.1193009118541033,-12.13,Sphyraenidae,macrocarnivores,4.194189897191817,3.5791694148860733,Post,0.39,3.4,-13.13587607180557,1.6208239893873522
MOO19_F1312,2019,Fishes,Oxycheilinus unifasciatus,21.9,19.2,148.6,-13.29,10.4,42.14,13.47,3.1284335560504823,-13.29,Labridae,macrocarnivores,3.086486636822455,3.43721080467306,Post,0.39,3.4,-14.240512213822493,2.113483264111597
MOO19_F1316,2019,Fishes,Cirrhitus pinnulatus,14.9,13.5,65.4,-13.69,11.12,40.45,12.92,3.130804953560372,-13.69,Cirrhitidae,macrocarnivores,2.7013612129514133,3.558280902003465,Post,0.39,3.4,-14.68772955178135,2.4218449331882184
MOO19_F1317,2019,Fishes,Pterois radiata,19.6,15.2,103,-12.29,9.3,41.93,13.52,3.1013313609467454,-12.29,Scorpaenidae,macrocarnivores,2.975529566236472,3.2902951894629,Post,0.39,3.4,-13.18321512389053,1.5129963558261412
MOO19_F1318,2019,Fishes,Epinephelus hexagonatus,20.7,17.4,103.4,-14.13,10.95,41.75,13.28,3.1438253012048194,-14.13,Epinephelidae,macrocarnivores,3.0301337002713233,3.560099412233927,Post,0.39,3.4,-15.128438770771233,2.245661998404648
MOO19_F1319,2019,Fishes,Epinephelus fasciatus,25.6,21.2,201.2,-15.03,11.94,41.09,13.37,3.0732984293193724,-15.03,Epinephelidae,macrocarnivores,3.242592351485517,3.7686352531922367,Post,0.39,3.4,-16.10976774874497,2.5266401391463944
MOO19_F1320,2019,Fishes,Fistularia commersonii,87.2,61.1,137,-10.02,9.53,40.6,13.22,3.0711043872919817,-10.02,Fistulariidae,macrocarnivores,4.468204330914934,3.292625232794427,Post,0.39,3.4,-10.914123840789825,1.735074208498948
MOO19_F1321,2019,Fishes,Lutjanus monostigma,39.8,34.6,785,-14.98,11.02,42.32,13.55,3.1232472324723246,-14.98,Lutjanidae,macrocarnivores,3.6838669122903918,3.579703393387338,Post,0.39,3.4,-15.986084323421062,2.249008462483051
MOO19_F1332,2019,Fishes,Synodus binotatus,22.9,20.2,93.1,-14.37,9.42,40.56,13.06,3.105666156202144,-14.37,Synodontidae,macrocarnivores,3.131136910560194,3.1343304255865405,Post,0.39,3.4,-15.202388865978751,2.1632765530057627
MOO19_F1333,2019,Fishes,Bothus mancus,40.5,35.6,680,-12.23,9.48,NA,NA,NA,-12.23,Bothidae,macrocarnivores,3.7013019741124933,2.894555164660402,Post,0.39,3.4,-12.968876514217557,3.0385124401546335
